scenario,measure,thinking_mean,meditation_mean,mean_diff,cohens_d,t,p
true_periodic_gamma,naive_gamma_power,-1.8914784035478711,-1.78880573751047,0.10267266603740084,0.6101775179705285,3.859101467630385,0.00041630319447275965
true_periodic_gamma,periodic_gamma_power,0.0,0.09273832919341334,0.09273832919341334,37.511385638982645,237.24283361623162,3.0983463728798134e-63
true_periodic_gamma,aperiodic_gamma_power,-1.8912036964286316,-1.8835616679853733,0.007642028443258481,0.04554591116706974,0.28805763479127633,0.7748279688251863
true_periodic_gamma,exponent,1.5008576838189285,1.4959881546419038,-0.0048695291770248115,-0.060832105236314375,-0.3847360148196178,0.7025231427444738
true_periodic_gamma,offset,0.9947290807397817,0.9930077071677367,-0.0017213735720449735,-0.02207713711206201,-0.13962807497989588,0.8896724507956388
true_periodic_gamma,gamma_peak_detection_rate,0.0,1.0,1.0,,,
aperiodic_offset_shift,naive_gamma_power,-1.8425651937138234,-1.6881751325355432,0.15439006117828064,1.1375981828509878,7.194802639755644,1.1594143090524474e-08
aperiodic_offset_shift,periodic_gamma_power,4.466016211227728e-05,0.0,-4.466016211227728e-05,-0.15811388300841897,-1.0000000000000002,0.3234749451713832
aperiodic_offset_shift,aperiodic_gamma_power,-1.8424812506772845,-1.6882110387101972,0.1542702119670876,1.1365092466211482,7.187915602329703,1.1848150123381246e-08
aperiodic_offset_shift,exponent,1.48830910572042,1.485040975910137,-0.0032681298102831156,-0.04631336661861549,-0.29291144925047147,0.7711427225286349
aperiodic_offset_shift,offset,1.0193224213589247,1.1673084912376441,0.14798606987871948,2.3430170678603806,14.818541062176202,1.309544127862416e-17
aperiodic_offset_shift,gamma_peak_detection_rate,0.025,0.0,-0.025,,,
aperiodic_exponent_shift,naive_gamma_power,-1.8988666964867575,-1.4008326841891794,0.49803401229757827,3.044252762839382,19.253545007665693,1.6103951085023467e-21
aperiodic_exponent_shift,periodic_gamma_power,0.0,0.0,0.0,0.0,,
aperiodic_exponent_shift,aperiodic_gamma_power,-1.8987499107077013,-1.4010700458915355,0.4976798648161659,3.0429193596080166,19.245111825164607,1.6355480838765744e-21
aperiodic_exponent_shift,exponent,1.5049392013232012,1.2459212022886625,-0.2590179990345388,-3.3418942693055937,-21.13599518093962,5.780062519193075e-23
aperiodic_exponent_shift,offset,0.9950310357262986,0.9946566603907145,-0.0003743753355840318,-0.0050818292734384285,-0.0321403103683681,0.974524083813848
aperiodic_exponent_shift,gamma_peak_detection_rate,0.0,0.0,0.0,,,
both,naive_gamma_power,-1.87131394597055,-1.289849915566971,0.5814640304035789,3.282350149882734,20.759405103649005,1.102003716133994e-22
both,periodic_gamma_power,0.0,0.09315977522536345,0.09315977522536345,43.90776947074778,277.6971170103378,6.697659724984989e-66
both,aperiodic_gamma_power,-1.871603475823385,-1.3847386516183602,0.486864824205025,2.738003501071426,17.31665460980196,6.591856372876938e-20
both,exponent,1.4995362900848637,1.2459173396729453,-0.25361895041191834,-3.149106414698839,-19.916697729390158,4.8422113757477495e-22
both,offset,1.0117884518495721,1.0109806274111772,-0.0008078244383950772,-0.010085200155036741,-0.06378440629719874,0.9494677072935962
both,gamma_peak_detection_rate,0.0,1.0,1.0,,,
no_change,naive_gamma_power,-1.8465427024867638,-1.8549255167181904,-0.008382814231426481,-0.04941627915023603,-0.3125359912108717,0.7562982938163415
no_change,periodic_gamma_power,0.0,0.0,0.0,0.0,,
no_change,aperiodic_gamma_power,-1.8467563819194097,-1.8549825504789417,-0.008226168559532464,-0.0484165060322008,-0.30621287081807236,0.7610713516791329
no_change,exponent,1.475943881045488,1.4781560761379633,0.0022121950924755274,0.027521963788746516,0.1740641825062324,0.8627154328292265
no_change,offset,0.9912707471632819,0.9872983105836008,-0.00397243657968106,-0.057033243627940655,-0.3607099044231546,0.7202628180802605
no_change,gamma_peak_detection_rate,0.0,0.0,0.0,,,
