offset,knee,exponent,r2,mae,n_peaks,fit_ok,gamma_peak_cf,gamma_peak_pw,gamma_peak_bw,gamma_peak_present,periodic_gamma_power,aperiodic_gamma_power,naive_gamma_power,fit_fmin,fit_fmax,aperiodic_mode,scenario,condition,sim_subject
0.8673406904172865,,1.5643995529161243,0.9950468678065737,0.014815368799511546,0,True,,,,False,0.0,-2.140773932989565,-2.1405054152494367,30,120,fixed,true_periodic_gamma,thinking,0
0.9158989602864565,,1.5701010503855208,0.9938663300714453,0.016150975313646954,5,True,78.05596383114326,0.24661244206749355,2.0068782511458436,True,0.08939685296209371,-2.103178820122734,-2.0115558674444376,30,120,fixed,true_periodic_gamma,meditation,0
0.9093581580261458,,1.3901741541544441,0.9912749110935523,0.017030252142909905,0,True,,,,False,0.0,-1.763746161390929,-1.7627873809687702,30,120,fixed,true_periodic_gamma,thinking,1
0.9958465078964509,,1.3797728656144148,0.992025932226538,0.015613176656086504,2,True,79.76474413284097,0.2413779105318694,13.957187463369985,True,0.08974167649588961,-1.657257634391186,-1.5653780438571119,30,120,fixed,true_periodic_gamma,meditation,1
0.808627966119458,,1.752142625892033,0.9947988944519998,0.01743829941116035,0,True,,,,False,0.0,-2.560489498415442,-2.5613544278936926,30,120,fixed,true_periodic_gamma,thinking,2
0.8186715021831446,,1.727745905091574,0.9947661463433052,0.016185080959424097,1,True,81.1707417230249,0.23786355273511273,15.547917064613499,True,0.09152943692288767,-2.5035345882937436,-2.4095015842207177,30,120,fixed,true_periodic_gamma,meditation,2
1.1667391572744337,,1.9128627610944025,0.9962447009947937,0.015584502561050031,0,True,,,,False,0.0,-2.5114199380107247,-2.5118241066081737,30,120,fixed,true_periodic_gamma,thinking,3
1.1042982473358385,,1.9196578957791333,0.9960620892889808,0.01624463424666216,1,True,78.97501957464891,0.24547072378518653,15.198724149375629,True,0.0920634759725271,-2.5869269115230757,-2.4939116354991344,30,120,fixed,true_periodic_gamma,meditation,3
0.8388429668512982,,1.3214801143959656,0.9920206146310956,0.0159548448567132,0,True,,,,False,0.0,-1.7021726255182756,-1.7018699971344895,30,120,fixed,true_periodic_gamma,thinking,4
0.7668944729006273,,1.2637402861621405,0.9911863391801266,0.015004440896208397,1,True,82.02179770673341,0.24026851871249622,16.030268607697536,True,0.0953080734303717,-1.66309576067272,-1.5642738580283286,30,120,fixed,true_periodic_gamma,meditation,4
1.0286739992535827,,1.4701687123581018,0.9948080068528026,0.013669448685385485,0,True,,,,False,0.0,-1.7982483137041074,-1.799075171582904,30,120,fixed,true_periodic_gamma,thinking,5
1.0123911711614173,,1.437566939981245,0.9920916093980034,0.017029712004092767,1,True,81.14002563178494,0.24248710374909677,15.3404843283831,True,0.09208474902110526,-1.7518426374093998,-1.659955312426475,30,120,fixed,true_periodic_gamma,meditation,5
1.0314458164379465,,1.0999058906625443,0.9896829011342974,0.015029217808309672,0,True,,,,False,0.0,-1.0835145131695691,-1.0850147254265725,30,120,fixed,true_periodic_gamma,thinking,6
0.9551150740369879,,1.0842590865973587,0.9882856466465476,0.015299912737042622,3,True,83.1513411714432,0.24015773125344708,14.397306674005746,True,0.08903141655967212,-1.1297587089269097,-1.038146791228738,30,120,fixed,true_periodic_gamma,meditation,6
0.8989344291087538,,1.4907209375788304,0.9943530930657878,0.015043497788822547,0,True,,,,False,0.0,-1.967506847603933,-1.9660410724221054,30,120,fixed,true_periodic_gamma,thinking,7
1.104497500582651,,1.4312428643536566,0.9918751015872153,0.01694270892940116,1,True,80.43960763212283,0.24022825599158515,15.912583817083949,True,0.09442408168926864,-1.647576023015303,-1.552250820819632,30,120,fixed,true_periodic_gamma,meditation,7
1.164449023782303,,1.4825115549940235,0.9940755635382238,0.015492102265862668,0,True,,,,False,0.0,-1.6862067946972443,-1.6864768069470955,30,120,fixed,true_periodic_gamma,thinking,8
1.0696454815145962,,1.3531076845405605,0.9909412228154344,0.017352013816702226,1,True,78.86883214055415,0.24507232533307532,15.839497249019585,True,0.09558994759908729,-1.5321853649103994,-1.434977218028705,30,120,fixed,true_periodic_gamma,meditation,8
1.2476606418855638,,1.676095615937524,0.9953779144056639,0.01531928960147806,0,True,,,,False,0.0,-1.975229394826241,-1.9754529748444365,30,120,fixed,true_periodic_gamma,thinking,9
1.37077524582079,,1.7332519455998852,0.9955412768324129,0.015130400155986412,2,True,84.07573857685516,0.21871405204423144,12.628592698739986,True,0.09329534972920742,-1.9620181661234608,-1.8669306831238066,30,120,fixed,true_periodic_gamma,meditation,9
0.8041884429545592,,1.3358144020844822,0.991084075887432,0.016467687624028466,0,True,,,,False,0.0,-1.7643899164405943,-1.7637720207082608,30,120,fixed,true_periodic_gamma,thinking,10
0.8276145656901488,,1.5737346815135431,0.9942137576420105,0.015532099534103576,1,True,85.07504862526513,0.24231514251445008,14.858927096461075,True,0.08930278550476961,-2.1984501631056577,-2.1057149938513398,30,120,fixed,true_periodic_gamma,meditation,10
0.9270254516146781,,1.643587534676485,0.9953754981007426,0.015133826865282498,0,True,,,,False,0.0,-2.2333562352079004,-2.2332877402748976,30,120,fixed,true_periodic_gamma,thinking,11
0.7663849297932468,,1.7231330279543664,0.9939894529832896,0.017201683707949233,2,True,84.42986939271977,0.24013167306932148,13.954046336654486,True,0.09047241953813723,-2.546951263510283,-2.4538634167989084,30,120,fixed,true_periodic_gamma,meditation,11
1.2183676329943092,,1.622222094307704,0.9953679018244757,0.014525582315503277,0,True,,,,False,0.0,-1.9009313946769966,-1.9018385310016686,30,120,fixed,true_periodic_gamma,thinking,12
1.1694857417851823,,1.6025404495513556,0.9950534630709706,0.014385518194476468,1,True,80.39781908048958,0.24407364842643164,15.450938309899778,True,0.09324452582941788,-1.911968322753841,-1.8172473376881602,30,120,fixed,true_periodic_gamma,meditation,12
0.7737987611824335,,1.1977168868183523,0.989913473391219,0.015695927649666458,0,True,,,,False,0.0,-1.5292380015318436,-1.5289352305383845,30,120,fixed,true_periodic_gamma,thinking,13
0.8312015934768887,,1.1846909906517629,0.9907007507151395,0.01485064213322093,1,True,80.2608391659602,0.24172229367821152,15.970430159998829,True,0.09535396323096612,-1.446788250329328,-1.349070414331828,30,120,fixed,true_periodic_gamma,meditation,13
0.8911492364549389,,1.5406649929050606,0.9936576791200985,0.015918345448834713,0,True,,,,False,0.0,-2.0713272525531123,-2.0726387095676024,30,120,fixed,true_periodic_gamma,thinking,14
0.8078862164548157,,1.518117760093949,0.9929195349628126,0.01667561399164157,6,True,80.85724201397852,0.23801025115041008,14.537799347760966,True,0.09205579152776124,-2.111235197048366,-2.016252041952608,30,120,fixed,true_periodic_gamma,meditation,14
1.027552021206072,,1.418308197662423,0.9942861468701166,0.014416178666087114,0,True,,,,False,0.0,-1.6996500046020335,-1.6991585764717214,30,120,fixed,true_periodic_gamma,thinking,15
0.8963009412822114,,1.3770935509115303,0.9922797173767809,0.015376955294025062,1,True,84.24653780147403,0.24208053670812846,15.089906123546642,True,0.09062972506872763,-1.7516512654123533,-1.657561655241519,30,120,fixed,true_periodic_gamma,meditation,15
1.3935057542070968,,1.6395313294896279,0.9947207935166438,0.015942931190543106,0,True,,,,False,0.0,-1.7590764352841393,-1.7596047939516821,30,120,fixed,true_periodic_gamma,thinking,16
1.4506932987360979,,1.7005429797181064,0.9945817408296538,0.015797469566741846,2,True,78.86071427383186,0.24678479414434484,13.344958845290813,True,0.09401131950342546,-1.819205491177556,-1.7247139816847972,30,120,fixed,true_periodic_gamma,meditation,16
0.7102457024471824,,1.5607045419032732,0.9943353561523066,0.015403903919986769,0,True,,,,False,0.0,-2.290763947910624,-2.2917884401371356,30,120,fixed,true_periodic_gamma,thinking,17
0.8042096635189919,,1.5658437962342975,0.9948467130933698,0.014973464648828443,2,True,81.52551342955685,0.239474185412206,14.041868099248278,True,0.09334442034052987,-2.2066820314084024,-2.1126447717192542,30,120,fixed,true_periodic_gamma,meditation,17
1.0882328923307822,,1.8502334667427625,0.9962109882108554,0.015182552364628912,0,True,,,,False,0.0,-2.4694991062822758,-2.4696651514165566,30,120,fixed,true_periodic_gamma,thinking,18
1.139782186219834,,1.7854184551819474,0.9949175174236312,0.01665786297222908,1,True,84.25207520714449,0.24291607226218037,15.958528119523953,True,0.09609941797466987,-2.2933198968905404,-2.195786053754314,30,120,fixed,true_periodic_gamma,meditation,18
1.082179701115948,,1.5486938290752255,0.9949552551805643,0.014998978541834398,0,True,,,,False,0.0,-1.8957350814197327,-1.8953409132093508,30,120,fixed,true_periodic_gamma,thinking,19
1.1307545881102434,,1.540571164190547,0.9935276286416571,0.01598409907178693,3,True,77.71161599631914,0.22258480695682192,15.107636040219113,True,0.0950723866110771,-1.8315414818177223,-1.7344922757884154,30,120,fixed,true_periodic_gamma,meditation,19
0.9948031358333613,,1.1990322483741516,0.9901293706553818,0.016074811408664208,0,True,,,,False,0.0,-1.3107628773679105,-1.3118625629854848,30,120,fixed,true_periodic_gamma,thinking,20
0.995697145863819,,1.323457876087899,0.9921056233763926,0.015419939970199503,2,True,80.65156135122172,0.2388898098084522,15.967672478201262,True,0.09541975815199699,-1.5491213968812065,-1.4522713890632102,30,120,fixed,true_periodic_gamma,meditation,20
0.8600029669023685,,1.3201135390996497,0.9929512773693232,0.014828894503232243,0,True,,,,False,0.0,-1.6783848983464889,-1.6783669293345154,30,120,fixed,true_periodic_gamma,thinking,21
0.872458935654643,,1.2575532764429196,0.9902163185412044,0.016575515686476288,1,True,83.17142405683843,0.2440229036824293,15.067373974589797,True,0.09117409253077954,-1.5456345709113,-1.4524686089971206,30,120,fixed,true_periodic_gamma,meditation,21
0.9569671652810177,,1.5622752123246129,0.9941239695218627,0.01619844138695947,0,True,,,,False,0.0,-2.047062657675392,-2.0475856446777447,30,120,fixed,true_periodic_gamma,thinking,22
0.9002234171255492,,1.603262389284669,0.9946885298706138,0.015038113755938111,3,True,82.60350354495861,0.23072041639046836,2.0130123229100896,True,0.08943124951998838,-2.1826188333567327,-2.0918683375053493,30,120,fixed,true_periodic_gamma,meditation,22
1.0191720945239309,,1.7432346037812025,0.9951178589920304,0.01619487182408773,0,True,,,,False,0.0,-2.3328165287713567,-2.3334692487191,30,120,fixed,true_periodic_gamma,thinking,23
1.0710401763293949,,1.6165419163662358,0.9942616957411454,0.016359444624195783,1,True,78.15856272270668,0.23917272103822773,15.605822245947758,True,0.09180303172327017,-2.0373366887157243,-1.9433811571824202,30,120,fixed,true_periodic_gamma,meditation,23
1.2743729996351587,,1.4094525776254412,0.9919851846615965,0.016793729585140405,0,True,,,,False,0.0,-1.4358009465605979,-1.4381074244131162,30,120,fixed,true_periodic_gamma,thinking,24
1.2490985579276073,,1.3548232614363684,0.9917970320378133,0.016063292115380514,2,True,81.96963955757649,0.24099530192663865,15.397316844986152,True,0.09319501788338269,-1.3560310953387984,-1.2604197851489596,30,120,fixed,true_periodic_gamma,meditation,24
0.9824922992781824,,1.3581060583666598,0.9917568507918856,0.016130921063261222,0,True,,,,False,0.0,-1.6289496988321455,-1.6298386089053645,30,120,fixed,true_periodic_gamma,thinking,25
1.0206483586005128,,1.4248682215642727,0.9931309786313145,0.015135692928734675,1,True,81.22388195900324,0.23912104584991667,15.5685681787356,True,0.092153622115251,-1.7191676466684467,-1.624865911535148,30,120,fixed,true_periodic_gamma,meditation,25
1.1910476237349807,,1.0452632280283167,0.9903360395587103,0.013650387952717526,0,True,,,,False,0.0,-0.8188427496548218,-0.8207499663489184,30,120,fixed,true_periodic_gamma,thinking,26
1.0914625933671749,,0.9937661125112003,0.9850243810040579,0.016014308100230197,1,True,83.0070689666372,0.24785633005205643,15.683725687077258,True,0.09630562399190382,-0.8194062570609582,-0.7203469285737242,30,120,fixed,true_periodic_gamma,meditation,26
1.0649427986271351,,1.7032004838405925,0.9953915557862846,0.015327869514515586,0,True,,,,False,0.0,-2.2100659882803897,-2.211394928595949,30,120,fixed,true_periodic_gamma,thinking,27
1.0250976449480083,,1.6139683031088237,0.9942741074303476,0.0158070875177775,1,True,81.0939471952425,0.24778359204901168,15.617043132313636,True,0.09573463293875513,-2.07833053313272,-1.9804255736919005,30,120,fixed,true_periodic_gamma,meditation,27
0.881840296256297,,1.7211541371305858,0.9951733758840439,0.015382738017190227,0,True,,,,False,0.0,-2.427690775514155,-2.429602114744746,30,120,fixed,true_periodic_gamma,thinking,28
0.9462388937841049,,1.815053721538916,0.9960216321974457,0.01427872754860711,1,True,82.33668632661491,0.25163675312674094,15.780835133706427,True,0.09834806685502744,-2.543847530654405,-2.4427854810442895,30,120,fixed,true_periodic_gamma,meditation,28
1.0072013949817453,,1.5616172052043134,0.9932615381929045,0.01680637912275522,0,True,,,,False,0.0,-1.9955631752218175,-1.9948898757193074,30,120,fixed,true_periodic_gamma,thinking,29
0.9799432516763931,,1.481342210621566,0.9922126181983983,0.017408839774571628,2,True,79.77350912200117,0.24652783811309664,14.174907112304647,True,0.0879742716277586,-1.8684640862918733,-1.7792181669826532,30,120,fixed,true_periodic_gamma,meditation,29
0.9522840398305792,,1.344111335505601,0.9918568261502964,0.01632817442700358,0,True,,,,False,0.0,-1.6322481254238108,-1.6320762137333218,30,120,fixed,true_periodic_gamma,thinking,30
1.063121181625476,,1.3585916303496948,0.9918142300237939,0.016539019773602184,3,True,79.05088315041107,0.24329285020017788,14.906733080871904,True,0.0940836882653172,-1.5492545013482626,-1.452784029136224,30,120,fixed,true_periodic_gamma,meditation,30
1.2123257935125151,,1.5383074258088838,0.9943203415510918,0.015613662509326545,0,True,,,,False,0.0,-1.7456174341273305,-1.7457733981142234,30,120,fixed,true_periodic_gamma,thinking,31
1.1905582885971038,,1.559162096430383,0.9930415707291961,0.017071612316999434,1,True,81.02109716904182,0.2527397929951236,15.069599829259051,True,0.09429536449152856,-1.8074854616655767,-1.7115569718601422,30,120,fixed,true_periodic_gamma,meditation,31
0.7685804470753546,,1.6022924771156606,0.9939134138027262,0.01640288703820621,0,True,,,,False,0.0,-2.3123968022481276,-2.3119363541750304,30,120,fixed,true_periodic_gamma,thinking,32
0.8291992863493729,,1.4986746712305157,0.9946608891372621,0.013979507052189605,2,True,80.88279870130282,0.24334094690120178,15.278123002706252,True,0.09374864873995313,-2.052535872583951,-1.9569930397814475,30,120,fixed,true_periodic_gamma,meditation,32
0.5738459571805616,,1.264392676652048,0.9901081078028227,0.01662810027054672,0,True,,,,False,0.0,-1.8573987291757752,-1.8572016042044777,30,120,fixed,true_periodic_gamma,thinking,33
0.539749602532096,,1.3672343234617896,0.9917154443287282,0.015632568574895596,1,True,81.35022442944172,0.2409616811773696,15.412099455376826,True,0.09194391076189187,-2.0892447322992505,-1.9942322003369561,30,120,fixed,true_periodic_gamma,meditation,33
1.0126224117360278,,2.180166073987165,0.9974330123739343,0.015015678272856691,0,True,,,,False,0.0,-3.1795223868171796,-3.1780726220127153,30,120,fixed,true_periodic_gamma,thinking,34
1.0849980837805613,,2.1222468322726584,0.9961229937751325,0.01680455102403168,1,True,81.1774218673541,0.24644205211025572,15.258587557335256,True,0.09311182480988552,-2.995776369739452,-2.9005288060198806,30,120,fixed,true_periodic_gamma,meditation,34
1.136650040209183,,1.1263688235712261,0.9912271354731451,0.014008975696329003,0,True,,,,False,0.0,-1.029194691220396,-1.0267324667422577,30,120,fixed,true_periodic_gamma,thinking,35
1.117697373287906,,1.2011288458904494,0.9914759348043916,0.014629812209257433,1,True,80.25308492456578,0.24682316467106302,14.878609383171291,True,0.09092300701182192,-1.191900094433036,-1.0992178263267147,30,120,fixed,true_periodic_gamma,meditation,35
0.9997546197843296,,1.2933701172564696,0.9917365635784392,0.01572445660124276,0,True,,,,False,0.0,-1.487209503891315,-1.4894455081776454,30,120,fixed,true_periodic_gamma,thinking,36
0.9132607520156079,,1.1256980289590865,0.9902019182452982,0.01566340742629982,2,True,77.94447874748829,0.25567563116173164,14.547556029817423,True,0.09611971394745167,-1.2512941381593388,-1.153974526547361,30,120,fixed,true_periodic_gamma,meditation,36
0.9253663808165142,,1.5129495007631402,0.9944468230221052,0.014984428872081382,0,True,,,,False,0.0,-1.983817215687432,-1.983027464013622,30,120,fixed,true_periodic_gamma,thinking,37
0.8635951456180782,,1.648123157746596,0.9934967509660759,0.017155969920229712,2,True,80.56281428565838,0.23718619050709577,14.170328011604113,True,0.09215873672337356,-2.3055078899533097,-2.2112264549942067,30,120,fixed,true_periodic_gamma,meditation,37
1.028658295714876,,1.4601881385797497,0.9935554019682771,0.01583517673777088,0,True,,,,False,0.0,-1.7790728138979348,-1.7794086369739188,30,120,fixed,true_periodic_gamma,thinking,38
1.0684349577044026,,1.4481270606465075,0.9938477676248677,0.0153778661529249,1,True,78.31728685550233,0.24382936074020312,14.965802114723608,True,0.08999771702219674,-1.7161044392558409,-1.6241112549969186,30,120,fixed,true_periodic_gamma,meditation,38
1.0679140230123758,,1.570772294092282,0.9945692194360511,0.015062395077076213,0,True,,,,False,0.0,-1.9524544621956066,-1.9531623829684448,30,120,fixed,true_periodic_gamma,thinking,39
0.9594367511350352,,1.5537688696187026,0.9941926456159349,0.015318180920098866,1,True,82.66546199785714,0.24084645647534653,14.998028036172926,True,0.08955937311340674,-2.028236602121763,-1.9353242932059493,30,120,fixed,true_periodic_gamma,meditation,39
1.1461406462344343,,1.581781886607088,0.9950678093644206,0.014878184456406396,0,True,,,,False,0.0,-1.8953976968783308,-1.8963111897307283,30,120,fixed,aperiodic_offset_shift,thinking,0
1.2257305062820554,,1.46876591498981,0.9917835938513416,0.01768813264306939,0,True,,,,False,0.0,-1.5984944297367516,-1.5978323898517939,30,120,fixed,aperiodic_offset_shift,meditation,0
0.9873541883277839,,1.522457499187025,0.9929923978242058,0.016706088898253976,0,True,,,,False,0.0,-1.94011191729917,-1.9415366439069535,30,120,fixed,aperiodic_offset_shift,thinking,1
1.0445386212037118,,1.510534595753975,0.9931122271205561,0.017067034424233372,0,True,,,,False,0.0,-1.860001461398261,-1.8595165388194619,30,120,fixed,aperiodic_offset_shift,meditation,1
1.0818499210694075,,1.6523539037448218,0.9954396440640529,0.014242307112383815,0,True,,,,False,0.0,-2.095388228630248,-2.094791386023973,30,120,fixed,aperiodic_offset_shift,thinking,2
1.2838762478871313,,1.7000921791503938,0.9948013414302683,0.01612398355883388,0,True,,,,False,0.0,-1.9851557175778398,-1.9852028141249527,30,120,fixed,aperiodic_offset_shift,meditation,2
0.8075938162959111,,1.4356092795937556,0.9938705676166456,0.014845827490705291,0,True,,,,False,0.0,-1.9528756938076157,-1.9506337871674104,30,120,fixed,aperiodic_offset_shift,thinking,3
1.0035689411115114,,1.4678304554792123,0.9937938095835652,0.015825557906685977,0,True,,,,False,0.0,-1.8188572412396737,-1.8188986484643157,30,120,fixed,aperiodic_offset_shift,meditation,3
0.7848592934868115,,1.6743671164587166,0.9947837669796731,0.015873858103032792,0,True,,,,False,0.0,-2.4347070881209887,-2.4356313669078338,30,120,fixed,aperiodic_offset_shift,thinking,4
0.8478029837802319,,1.6639733882408845,0.9949917459334682,0.015559078143185462,0,True,,,,False,0.0,-2.351777758106887,-2.353286724626377,30,120,fixed,aperiodic_offset_shift,meditation,4
1.1873206297009664,,1.1718572017998763,0.9906784095670541,0.015416328589402943,0,True,,,,False,0.0,-1.0659916898454707,-1.0664223710422405,30,120,fixed,aperiodic_offset_shift,thinking,5
1.3546076683430193,,1.2162904408675859,0.9903872932481665,0.015520210629266486,0,True,,,,False,0.0,-0.9841433589528287,-0.9834552012088861,30,120,fixed,aperiodic_offset_shift,meditation,5
0.9937327157677669,,1.4644697902824804,0.9931757356690839,0.016534006610338516,0,True,,,,False,0.0,-1.822231392298227,-1.823463739624365,30,120,fixed,aperiodic_offset_shift,thinking,6
1.158457459632649,,1.6256723414832,0.9953283209881134,0.015537357631512799,0,True,,,,False,0.0,-1.9674758955438207,-1.9661966615791036,30,120,fixed,aperiodic_offset_shift,meditation,6
0.9768017998382517,,1.6290481619224593,0.9949151083986159,0.015582617653578558,0,True,,,,False,0.0,-2.1556227709681397,-2.1562257859851313,30,120,fixed,aperiodic_offset_shift,thinking,7
1.2107736950280255,,1.644393677937446,0.9937543637977945,0.017384774598979247,0,True,,,,False,0.0,-1.9511580889723095,-1.9504880131094797,30,120,fixed,aperiodic_offset_shift,meditation,7
0.993638998891549,,1.2954037595262278,0.9915642994110629,0.016136588434168313,0,True,,,,False,0.0,-1.4972355254480656,-1.4969211703326741,30,120,fixed,aperiodic_offset_shift,thinking,8
1.0410976512797734,,1.2992973758548967,0.992696119702046,0.015092293289006069,0,True,,,,False,0.0,-1.4572637354757585,-1.4555030478369555,30,120,fixed,aperiodic_offset_shift,meditation,8
1.003975949809636,,1.349772285337198,0.9924500239938261,0.015713716580783268,0,True,,,,False,0.0,-1.5914414051899552,-1.5899497366193007,30,120,fixed,aperiodic_offset_shift,thinking,9
1.2013429052916693,,1.473264133900994,0.9933937999885535,0.016218262866276995,0,True,,,,False,0.0,-1.631531456675128,-1.6314266805432005,30,120,fixed,aperiodic_offset_shift,meditation,9
1.2762322286717585,,1.5455098300306513,0.9929979680463925,0.017200872754653818,0,True,,,,False,0.0,-1.6955601830993412,-1.6963291303760806,30,120,fixed,aperiodic_offset_shift,thinking,10
1.363307629906994,,1.5584181738685186,0.9943651426260163,0.016154551636369346,0,True,,,,False,0.0,-1.633305664604881,-1.6320090231662514,30,120,fixed,aperiodic_offset_shift,meditation,10
1.1525260779007165,,1.4349749763172637,0.9921994143525952,0.017260022351321843,0,True,,,,False,0.0,-1.606723758521536,-1.6068756824154466,30,120,fixed,aperiodic_offset_shift,thinking,11
1.399866230029565,,1.4368852100467822,0.9923536968902339,0.01694203651289904,0,True,,,,False,0.0,-1.3630567102395774,-1.3633723631697625,30,120,fixed,aperiodic_offset_shift,meditation,11
1.0408758582475093,,1.8555878117405333,0.9960165760938234,0.01601150318019678,0,True,,,,False,0.0,-2.5271517732532827,-2.525443381584764,30,120,fixed,aperiodic_offset_shift,thinking,12
1.1256382323968106,,1.8024078975645041,0.9954064894870748,0.01660021176001624,0,True,,,,False,0.0,-2.3401320971210966,-2.338477414078233,30,120,fixed,aperiodic_offset_shift,meditation,12
0.9423066548208121,,1.760125144871998,0.9963459105786626,0.014905143135125247,0,True,,,,False,0.0,-2.4421600419677634,-2.4419714826227956,30,120,fixed,aperiodic_offset_shift,thinking,13
1.1484622493437564,,1.7533793968166633,0.9965004603852359,0.014143849740906649,0,True,,,,False,0.0,-2.2230333472337223,-2.2217248018135987,30,120,fixed,aperiodic_offset_shift,meditation,13
0.9562061258089538,,1.5949526013221345,0.9941082595879932,0.016434221892029997,0,True,,,,False,0.0,-2.110657601385645,-2.1115765341600383,30,120,fixed,aperiodic_offset_shift,thinking,14
1.0614374516581417,,1.5899359108607367,0.9951956312758163,0.014528127831934395,0,True,,,,False,0.0,-1.9957799036042319,-1.9949280927219721,30,120,fixed,aperiodic_offset_shift,meditation,14
1.214791772007308,,1.4915092147213085,0.9933998157297974,0.01640304865269196,0,True,,,,False,0.0,-1.6531652479150754,-1.6544949955278025,30,120,fixed,aperiodic_offset_shift,thinking,15
1.3238861372869715,,1.3946008936049776,0.9941121871098246,0.01417370208189918,0,True,,,,False,0.0,-1.3577301633885615,-1.3562217404879948,30,120,fixed,aperiodic_offset_shift,meditation,15
0.9886829843067693,,1.470087989444471,0.9929275048595932,0.016596599200009395,0,True,,,,False,0.0,-1.8380841101349834,-1.836864875749184,30,120,fixed,aperiodic_offset_shift,thinking,16
1.1427839032844027,,1.3658557344835378,0.9911068899310089,0.017592350997962733,0,True,,,,False,0.0,-1.483559603849239,-1.4823380530883095,30,120,fixed,aperiodic_offset_shift,meditation,16
0.9380601257250301,,1.5957493313294047,0.9942702040018517,0.015916996164381792,0,True,,,,False,0.0,-2.130335598318654,-2.13134782541402,30,120,fixed,aperiodic_offset_shift,thinking,17
0.9871249124490482,,1.584434314233067,0.9949537126602769,0.01496451061395063,0,True,,,,False,0.0,-2.0595136662872586,-2.0592949836709953,30,120,fixed,aperiodic_offset_shift,meditation,17
1.2007776859638204,,1.4417834830725622,0.9926512098824838,0.016324695256209026,0,True,,,,False,0.0,-1.5715639265945223,-1.5694341118836057,30,120,fixed,aperiodic_offset_shift,thinking,18
1.4078575442399663,,1.4082457391328396,0.9925283930871868,0.015759407008358612,0,True,,,,False,0.0,-1.2999958256612507,-1.2997415439699889,30,120,fixed,aperiodic_offset_shift,meditation,18
0.9186262868018229,,1.931324880250172,0.996455661109598,0.01581172475305511,0,True,,,,False,0.0,-2.795032799842977,-2.7954472497419274,30,120,fixed,aperiodic_offset_shift,thinking,19
1.1570114437720909,,1.8469024116383808,0.9955522602147775,0.0165028262528514,0,True,,,,False,0.0,-2.3943154164911213,-2.3974511549372024,30,120,fixed,aperiodic_offset_shift,meditation,19
0.9926813327994837,,1.7990530006010763,0.9956303026809097,0.015795798596293504,0,True,,,,False,0.0,-2.466638013913616,-2.4647578249360764,30,120,fixed,aperiodic_offset_shift,thinking,20
1.169381077643333,,1.7787228225497815,0.9945838065313484,0.017779205434970385,0,True,,,,False,0.0,-2.250846269983876,-2.250127923237557,30,120,fixed,aperiodic_offset_shift,meditation,20
1.282939517831238,,1.228084556513403,0.9900510492159212,0.01682642427538935,0,True,,,,False,0.0,-1.0784898921566795,-1.0786068796147867,30,120,fixed,aperiodic_offset_shift,thinking,21
1.3525237430950743,,1.2172624389672637,0.9898101096305555,0.016408034542457275,0,True,,,,False,0.0,-0.9880962963032854,-0.9894903071435798,30,120,fixed,aperiodic_offset_shift,meditation,21
0.9039478909170335,,1.725169556912033,0.995418281260504,0.015644010926195454,1,True,101.47133759900098,0.03597520991997749,2.0000000000007634,True,0.0017864064844910913,-2.4133042537348137,-2.411567332548148,30,120,fixed,aperiodic_offset_shift,thinking,22
1.067583128365524,,1.7756882811288914,0.9951019094127932,0.016215737920830295,0,True,,,,False,0.0,-2.3468092339431976,-2.3485249218916713,30,120,fixed,aperiodic_offset_shift,meditation,22
1.3218636070449712,,1.4914377708974913,0.9939196785405418,0.01534245966164195,0,True,,,,False,0.0,-1.545956036712368,-1.5475663346912374,30,120,fixed,aperiodic_offset_shift,thinking,23
1.533681433620449,,1.6150803188422005,0.9945484237874723,0.015930404815903403,0,True,,,,False,0.0,-1.5718849902701777,-1.5726176261916223,30,120,fixed,aperiodic_offset_shift,meditation,23
0.8384728880657808,,1.5049202976440728,0.9939874164306831,0.015199042616915725,0,True,,,,False,0.0,-2.055271709320742,-2.0555811035579787,30,120,fixed,aperiodic_offset_shift,thinking,24
0.9583063164747783,,1.3436917412363956,0.9937729574675035,0.014524973058956612,0,True,,,,False,0.0,-1.6254190295404083,-1.626421643415277,30,120,fixed,aperiodic_offset_shift,meditation,24
0.9555193443654337,,1.3916819562130351,0.9930019889862924,0.015728763730265417,0,True,,,,False,0.0,-1.720484260859539,-1.7201170842698479,30,120,fixed,aperiodic_offset_shift,thinking,25
1.103487484569199,,1.341688564667487,0.9915574293905266,0.016211016387986464,0,True,,,,False,0.0,-1.4763860419290566,-1.4773500454944035,30,120,fixed,aperiodic_offset_shift,meditation,25
1.2795111649778272,,1.7342173638702514,0.9953938498312752,0.015344279163621372,0,True,,,,False,0.0,-2.055138607006529,-2.056318872892902,30,120,fixed,aperiodic_offset_shift,thinking,26
1.4425728762728096,,1.6457157342693653,0.9951970897342853,0.015287059390936152,0,True,,,,False,0.0,-1.7219010313030532,-1.7226754975971508,30,120,fixed,aperiodic_offset_shift,meditation,26
1.0098245014155474,,1.1429107020527973,0.9898733894673187,0.015410803522234536,0,True,,,,False,0.0,-1.187827875616,-1.1868946852922833,30,120,fixed,aperiodic_offset_shift,thinking,27
1.169935581172971,,1.205699352040432,0.9920007725817982,0.014631534248578168,0,True,,,,False,0.0,-1.1484503104263246,-1.149064723881312,30,120,fixed,aperiodic_offset_shift,meditation,27
1.1426937756912872,,1.5446487789337373,0.9954451554748439,0.013884114794739895,0,True,,,,False,0.0,-1.827442959055807,-1.825858841219362,30,120,fixed,aperiodic_offset_shift,thinking,28
1.3335955245807343,,1.6042468388484754,0.9943166950634417,0.01636840814228123,0,True,,,,False,0.0,-1.7511396803730397,-1.7515232983237243,30,120,fixed,aperiodic_offset_shift,meditation,28
0.9594463750247177,,1.5306911192777313,0.9930986060166397,0.016658092198416165,0,True,,,,False,0.0,-1.9838517940621505,-1.98468550565015,30,120,fixed,aperiodic_offset_shift,thinking,29
1.027695406622806,,1.4587193344145217,0.9934029509209543,0.016101873197792344,0,True,,,,False,0.0,-1.7772114045042966,-1.777098905478277,30,120,fixed,aperiodic_offset_shift,meditation,29
0.8527246768720393,,1.4847017777956222,0.9938622799590529,0.015147701904812004,0,True,,,,False,0.0,-2.0021426240422393,-2.003243320508906,30,120,fixed,aperiodic_offset_shift,thinking,30
1.0366436453112586,,1.470842585834048,0.9917860749458858,0.017469849813189928,0,True,,,,False,0.0,-1.7915744291119349,-1.7925453952931343,30,120,fixed,aperiodic_offset_shift,meditation,30
0.8694322012245008,,1.3258723018892242,0.9920450647536141,0.015827048350776824,0,True,,,,False,0.0,-1.6800289339749648,-1.6814260714382983,30,120,fixed,aperiodic_offset_shift,thinking,31
1.0496984686349193,,1.3008909523513348,0.9923381315489349,0.014816541516913652,0,True,,,,False,0.0,-1.4517271357966643,-1.4523226670910685,30,120,fixed,aperiodic_offset_shift,meditation,31
1.049250254948387,,1.228016288996237,0.9918698422547263,0.015101759894698094,0,True,,,,False,0.0,-1.3120478864538876,-1.3131050138846891,30,120,fixed,aperiodic_offset_shift,thinking,32
1.3430531232285214,,1.1843072689089218,0.9912258382749255,0.01471238012233518,0,True,,,,False,0.0,-0.9341988790308807,-0.9340100219355454,30,120,fixed,aperiodic_offset_shift,meditation,32
1.108987911154851,,1.3081720817589981,0.992254487609723,0.015251654024499938,0,True,,,,False,0.0,-1.4064382545817276,-1.4066315008269072,30,120,fixed,aperiodic_offset_shift,thinking,33
1.206129968550198,,1.379985113164957,0.9938934746063847,0.014394795835607183,0,True,,,,False,0.0,-1.4473822951533382,-1.4465454471003194,30,120,fixed,aperiodic_offset_shift,meditation,33
1.1240354990758803,,1.251425797221183,0.9905999319721489,0.0158900295653304,0,True,,,,False,0.0,-1.2822757490400596,-1.2830236904977512,30,120,fixed,aperiodic_offset_shift,thinking,34
1.2279116828012486,,1.1556002273583206,0.9898729228419437,0.015090374337364527,0,True,,,,False,0.0,-0.9941408205052529,-0.9924016094896703,30,120,fixed,aperiodic_offset_shift,meditation,34
0.8558636509592905,,1.5304814883744737,0.9945314158691984,0.015285790740934894,0,True,,,,False,0.0,-2.0870314281468687,-2.0883465011713276,30,120,fixed,aperiodic_offset_shift,thinking,35
1.0808886112062106,,1.603801531209597,0.9956790221072618,0.014067318175405994,0,True,,,,False,0.0,-2.00299033140849,-2.003731778529171,30,120,fixed,aperiodic_offset_shift,meditation,35
0.9790735641809662,,1.5100029925653162,0.9933101034300958,0.016392637132378794,0,True,,,,False,0.0,-1.9244443221907186,-1.9255032410017674,30,120,fixed,aperiodic_offset_shift,thinking,36
1.1048673167903726,,1.451650155932847,0.9928371277457049,0.016061909108680678,0,True,,,,False,0.0,-1.686446484081415,-1.6867620295688759,30,120,fixed,aperiodic_offset_shift,meditation,36
0.8295931975679229,,1.3100160404815007,0.9916658762578953,0.016266520815061653,0,True,,,,False,0.0,-1.6893786347394362,-1.6891451723019721,30,120,fixed,aperiodic_offset_shift,thinking,37
1.0006457064162384,,1.3968026319901534,0.9923965910291542,0.015585496971658877,0,True,,,,False,0.0,-1.6852042194997379,-1.6862638093006417,30,120,fixed,aperiodic_offset_shift,meditation,37
0.8238827943631646,,1.34704366493785,0.9901394086160712,0.01812024834968762,0,True,,,,False,0.0,-1.766287817303047,-1.7669313687865145,30,120,fixed,aperiodic_offset_shift,thinking,38
0.9007800213558683,,1.386696199799074,0.9930527653792602,0.015270311647246017,0,True,,,,False,0.0,-1.7656366936468304,-1.766108366414345,30,120,fixed,aperiodic_offset_shift,meditation,38
1.0007989461996494,,1.2450905443206228,0.9913533479492314,0.01578308957355213,0,True,,,,False,0.0,-1.3933305246601972,-1.3916249566457668,30,120,fixed,aperiodic_offset_shift,thinking,39
1.0937861185857316,,1.2733667569830067,0.9895966149401454,0.017641785890382226,0,True,,,,False,0.0,-1.3547144294364208,-1.3540533927755414,30,120,fixed,aperiodic_offset_shift,meditation,39
0.7995998116126708,,1.4278343548784318,0.9932984847369585,0.01576968666634862,0,True,,,,False,0.0,-1.9459196400556849,-1.9453600662088577,30,120,fixed,aperiodic_exponent_shift,thinking,0
0.7859942314333073,,1.0752561140692285,0.9854519499512269,0.0175334171474764,0,True,,,,False,0.0,-1.2815681343382772,-1.27999714804963,30,120,fixed,aperiodic_exponent_shift,meditation,0
1.106957474138236,,1.5413572174663812,0.995142627913863,0.014474088949850533,0,True,,,,False,0.0,-1.856850062824737,-1.856869616827881,30,120,fixed,aperiodic_exponent_shift,thinking,1
1.1564843956700792,,1.3038151638832527,0.9909468131212639,0.0164597829501041,0,True,,,,False,0.0,-1.350564045622267,-1.3500762962477193,30,120,fixed,aperiodic_exponent_shift,meditation,1
0.9914614439468612,,1.5115972057179636,0.9947418546967418,0.014973861810357933,0,True,,,,False,0.0,-1.915121884298907,-1.9156079169019544,30,120,fixed,aperiodic_exponent_shift,thinking,2
0.9761884364177214,,1.2943265197683336,0.991831867643053,0.015545745376634426,0,True,,,,False,0.0,-1.512614711295254,-1.5129670161312267,30,120,fixed,aperiodic_exponent_shift,meditation,2
0.9572185203403065,,1.5756877545874954,0.9943743976786626,0.015905779321910906,0,True,,,,False,0.0,-2.072601686180731,-2.072604211978695,30,120,fixed,aperiodic_exponent_shift,thinking,3
1.0552961108560817,,1.1384613494948972,0.9898817526163787,0.015415616825461538,0,True,,,,False,0.0,-1.133800803174237,-1.1339321395368764,30,120,fixed,aperiodic_exponent_shift,meditation,3
1.018361388961764,,1.4826897684357323,0.9934419752138411,0.01585740850979368,0,True,,,,False,0.0,-1.8326371082529522,-1.8335408960875832,30,120,fixed,aperiodic_exponent_shift,thinking,4
1.1492336524020277,,1.2798805495313306,0.9916232094173757,0.015879350914632905,0,True,,,,False,0.0,-1.311791978858564,-1.3116662533768104,30,120,fixed,aperiodic_exponent_shift,meditation,4
1.0269427995632432,,1.701647707087894,0.9949028736381951,0.016662629049434316,0,True,,,,False,0.0,-2.245080221688716,-2.245063583955312,30,120,fixed,aperiodic_exponent_shift,thinking,5
1.0992491006842093,,1.5512250049418574,0.9946998388247105,0.01515682865111027,0,True,,,,False,0.0,-1.8835327678364022,-1.8830740701731148,30,120,fixed,aperiodic_exponent_shift,meditation,5
1.091077029854195,,1.485579286198855,0.9936185763408976,0.016055053203731698,0,True,,,,False,0.0,-1.765477593109625,-1.7648182549752272,30,120,fixed,aperiodic_exponent_shift,thinking,6
0.9987860574803544,,1.3657526016525883,0.9928198119352217,0.015563806698710306,0,True,,,,False,0.0,-1.6273591400997247,-1.6262119927110141,30,120,fixed,aperiodic_exponent_shift,meditation,6
1.1019539582217655,,1.5247739216423108,0.9934175207314402,0.01663451124078136,0,True,,,,False,0.0,-1.8299662935654484,-1.8301293557751488,30,120,fixed,aperiodic_exponent_shift,thinking,7
1.0371777859213487,,1.304320611694279,0.9932342931662969,0.014573278137616174,0,True,,,,False,0.0,-1.4708425585838838,-1.4705575869299885,30,120,fixed,aperiodic_exponent_shift,meditation,7
1.2701015784634893,,1.882242864685711,0.996338180938469,0.015064583870169769,0,True,,,,False,0.0,-2.34917987396982,-2.35055180384026,30,120,fixed,aperiodic_exponent_shift,thinking,8
1.192341716450164,,1.6181396998127513,0.9940287326112605,0.016337065664486675,0,True,,,,False,0.0,-1.9191074556290126,-1.919687270343778,30,120,fixed,aperiodic_exponent_shift,meditation,8
0.7503206706762111,,1.3978533634107522,0.9924267098970658,0.016439741180927628,0,True,,,,False,0.0,-1.937549660158499,-1.9375975864810808,30,120,fixed,aperiodic_exponent_shift,thinking,9
0.8082263630639079,,1.196604021372458,0.9896626060772563,0.015992861174921987,0,True,,,,False,0.0,-1.4926705199658996,-1.4923436988154226,30,120,fixed,aperiodic_exponent_shift,meditation,9
1.0323556563293883,,1.5490535169484945,0.9940138153909195,0.015654715430376075,0,True,,,,False,0.0,-1.946250754089607,-1.9445982935704542,30,120,fixed,aperiodic_exponent_shift,thinking,10
0.9152277533448667,,1.2890743722224807,0.9924426047938107,0.01476421673224791,0,True,,,,False,0.0,-1.563476272435019,-1.5644311876261112,30,120,fixed,aperiodic_exponent_shift,meditation,10
0.9223864397880828,,1.5726451116185953,0.9941996675600567,0.01567818365109381,0,True,,,,False,0.0,-2.101583203306563,-2.101046801202729,30,120,fixed,aperiodic_exponent_shift,thinking,11
0.7958709426673083,,1.2436535920001277,0.9912050575575287,0.015491139463669824,0,True,,,,False,0.0,-1.59549547620856,-1.596317638480142,30,120,fixed,aperiodic_exponent_shift,meditation,11
1.2665043066852282,,1.3506687331000418,0.9913638823468358,0.016814217674357257,0,True,,,,False,0.0,-1.3306367880198005,-1.3306114426406201,30,120,fixed,aperiodic_exponent_shift,thinking,12
1.1149549487296513,,1.196274792159324,0.9902280251173848,0.016026917830822062,0,True,,,,False,0.0,-1.1853088740256024,-1.1830842444662601,30,120,fixed,aperiodic_exponent_shift,meditation,12
0.9169404646144661,,1.635361278830637,0.9946049340467726,0.016388026616775644,0,True,,,,False,0.0,-2.227623319128523,-2.226593380053079,30,120,fixed,aperiodic_exponent_shift,thinking,13
0.969974568183325,,1.3452083981151643,0.9907839378999866,0.01725520602909613,0,True,,,,False,0.0,-1.6166670901813571,-1.616800047746233,30,120,fixed,aperiodic_exponent_shift,meditation,13
0.8174228435520032,,1.6666779043159752,0.9951356235392034,0.014867477691981577,0,True,,,,False,0.0,-2.3873582925308017,-2.3874594348057814,30,120,fixed,aperiodic_exponent_shift,thinking,14
0.8767114960051277,,1.4176303722148542,0.9921104768153519,0.017391743021543008,0,True,,,,False,0.0,-1.8491871692662478,-1.8484674649563189,30,120,fixed,aperiodic_exponent_shift,meditation,14
1.2315519802506052,,1.8395365779573227,0.995111333875038,0.01772435449841213,0,True,,,,False,0.0,-2.305611444611292,-2.3081748974560456,30,120,fixed,aperiodic_exponent_shift,thinking,15
1.241533018844728,,1.4994746622013604,0.9935606035703145,0.01578242162357726,0,True,,,,False,0.0,-1.6417404073001314,-1.6411937572452333,30,120,fixed,aperiodic_exponent_shift,meditation,15
1.0172404583025103,,1.2929465000495866,0.9903459090071735,0.017292228934243464,0,True,,,,False,0.0,-1.46890911060522,-1.4680330600681544,30,120,fixed,aperiodic_exponent_shift,thinking,16
0.9917821834372579,,1.0225177579260905,0.9865887362322041,0.015626849945932296,0,True,,,,False,0.0,-0.9743719327392071,-0.9742168860853776,30,120,fixed,aperiodic_exponent_shift,meditation,16
0.7484628647224447,,1.2255277771264175,0.9917292207127398,0.014753883943361459,0,True,,,,False,0.0,-1.6080502274050639,-1.6075868812439695,30,120,fixed,aperiodic_exponent_shift,thinking,17
0.8158182488064214,,0.8909991751943229,0.9836686368983988,0.01503103863539253,0,True,,,,False,0.0,-0.8974446087221416,-0.8989597852605,30,120,fixed,aperiodic_exponent_shift,meditation,17
1.1830310845562866,,1.0501557342123637,0.9873006130779307,0.015816086153737977,0,True,,,,False,0.0,-0.8362668723181229,-0.8355504258554475,30,120,fixed,aperiodic_exponent_shift,thinking,18
1.2215480324512884,,0.7295380828525587,0.9745414923788087,0.015756233067014493,0,True,,,,False,0.0,-0.1812484406557589,-0.1809737449542406,30,120,fixed,aperiodic_exponent_shift,meditation,18
0.9825888299080074,,1.5003202059124285,0.9939423060272063,0.01558887238968054,0,True,,,,False,0.0,-1.9023104547953338,-1.902558509984618,30,120,fixed,aperiodic_exponent_shift,thinking,19
1.1276246635289453,,1.1840191986625277,0.9903567632120625,0.015662935247444165,0,True,,,,False,0.0,-1.1490734212103886,-1.1494203617270347,30,120,fixed,aperiodic_exponent_shift,meditation,19
0.943849974978823,,1.683865464789915,0.9956172324906047,0.015000204019758665,0,True,,,,False,0.0,-2.2939803600160964,-2.2928479853572266,30,120,fixed,aperiodic_exponent_shift,thinking,20
0.9497513933183528,,1.4106524623653864,0.9936753004904211,0.015190557074739337,0,True,,,,False,0.0,-1.7627297581088959,-1.7622997584955633,30,120,fixed,aperiodic_exponent_shift,meditation,20
1.089317496584399,,0.9328625526208338,0.9828523831582352,0.017019491404306048,0,True,,,,False,0.0,-0.7044425955458667,-0.7051060567929175,30,120,fixed,aperiodic_exponent_shift,thinking,21
1.0312060720009462,,0.7242840703020975,0.9736908714928407,0.015653718241005282,0,True,,,,False,0.0,-0.3614876930382391,-0.3629769584284353,30,120,fixed,aperiodic_exponent_shift,meditation,21
1.0500221020922158,,1.2884810263719486,0.9923393072257287,0.014612420051568863,0,True,,,,False,0.0,-1.4275410052270394,-1.4280332482986868,30,120,fixed,aperiodic_exponent_shift,thinking,22
1.0800498812132664,,1.0893897746665098,0.9872244030608918,0.016265962370761167,0,True,,,,False,0.0,-1.0146894746346065,-1.014375945383336,30,120,fixed,aperiodic_exponent_shift,meditation,22
1.0724357259795894,,1.6445504998499496,0.9958746678179183,0.014131261259593403,0,True,,,,False,0.0,-2.089797603931695,-2.0908083070082903,30,120,fixed,aperiodic_exponent_shift,thinking,23
1.066486069150246,,1.442818689128515,0.9942058397976233,0.014497068387664454,0,True,,,,False,0.0,-1.7078460952906682,-1.708931439804483,30,120,fixed,aperiodic_exponent_shift,meditation,23
0.9425082464524919,,1.696415228420429,0.9949142953356935,0.01659634050396067,0,True,,,,False,0.0,-2.319453473281626,-2.318986096361386,30,120,fixed,aperiodic_exponent_shift,thinking,24
0.9896821631976573,,1.4014408939904348,0.9935270885907295,0.01494048370934573,0,True,,,,False,0.0,-1.7050864713207539,-1.7054015827657254,30,120,fixed,aperiodic_exponent_shift,meditation,24
1.0098412764871374,,1.3106085950949995,0.9914595059509151,0.01660802197745686,0,True,,,,False,0.0,-1.5102699528461996,-1.5106985445022736,30,120,fixed,aperiodic_exponent_shift,thinking,25
1.0646457086535435,,1.0201434060692895,0.9887482583031446,0.014907528545088436,0,True,,,,False,0.0,-0.896942871481798,-0.8967714529167704,30,120,fixed,aperiodic_exponent_shift,meditation,25
0.9316128993156014,,1.5039006598010507,0.994362533746544,0.015325888750859771,0,True,,,,False,0.0,-1.9601710816155813,-1.9601120237556682,30,120,fixed,aperiodic_exponent_shift,thinking,26
0.9206140357709015,,1.2392359218763003,0.9908024752044928,0.016370307482762896,0,True,,,,False,0.0,-1.4622578408532116,-1.4606319555568834,30,120,fixed,aperiodic_exponent_shift,meditation,26
0.9163483943456814,,1.5316928541383927,0.9947819018862799,0.014766096732275975,0,True,,,,False,0.0,-2.02887596634455,-2.0290966119809712,30,120,fixed,aperiodic_exponent_shift,thinking,27
0.8391895703097119,,1.1765763450805569,0.9888745104682442,0.016803896088587414,0,True,,,,False,0.0,-1.4231969808715437,-1.4225946164126961,30,120,fixed,aperiodic_exponent_shift,meditation,27
0.6630078269001889,,1.4279459519704738,0.9928166299255106,0.016070425990035296,0,True,,,,False,0.0,-2.082726209874558,-2.0821199182029,30,120,fixed,aperiodic_exponent_shift,thinking,28
0.7017248813759454,,1.2589614883622136,0.9904750968202732,0.016474505234038553,0,True,,,,False,0.0,-1.7190764135292287,-1.719991744588866,30,120,fixed,aperiodic_exponent_shift,meditation,28
1.1238281636798706,,1.4104809305852917,0.9932682349544392,0.015424693007222655,0,True,,,,False,0.0,-1.58832315688344,-1.5894106870179485,30,120,fixed,aperiodic_exponent_shift,thinking,29
1.138698599132613,,1.16786846569591,0.988455031111931,0.01740599936293628,0,True,,,,False,0.0,-1.1069439563942127,-1.1075936547876555,30,120,fixed,aperiodic_exponent_shift,meditation,29
1.0764755254525769,,1.8343466243798614,0.9941212954840609,0.018442627712628487,0,True,,,,False,0.0,-2.4507083675038923,-2.4519927135191573,30,120,fixed,aperiodic_exponent_shift,thinking,30
1.0543853563690844,,1.4743584613287484,0.9932856318479278,0.0163785118734,0,True,,,,False,0.0,-1.7805932393480277,-1.7784335811660505,30,120,fixed,aperiodic_exponent_shift,meditation,30
0.91380404845235,,1.687486269770616,0.9953086972094427,0.01558438055366344,0,True,,,,False,0.0,-2.330988572098487,-2.331409951917836,30,120,fixed,aperiodic_exponent_shift,thinking,31
0.9470882978274049,,1.5546319037060163,0.9941058228223746,0.016612919157190025,0,True,,,,False,0.0,-2.042244545457824,-2.041050478584661,30,120,fixed,aperiodic_exponent_shift,meditation,31
0.642247011779085,,1.2991498810658961,0.9913288112229516,0.01658320663548366,0,True,,,,False,0.0,-1.8558307637782452,-1.855820375327526,30,120,fixed,aperiodic_exponent_shift,thinking,32
0.7018885335873118,,1.0922719399170486,0.9888347006214986,0.015650471398013985,0,True,,,,False,0.0,-1.3983928101888106,-1.3965084837088433,30,120,fixed,aperiodic_exponent_shift,meditation,32
1.0198312852209566,,1.300845351593669,0.9919875289705514,0.01558927970976918,0,True,,,,False,0.0,-1.4815066355330668,-1.481903112953209,30,120,fixed,aperiodic_exponent_shift,thinking,33
1.0033776000837904,,1.0151636636048482,0.9860682712210079,0.016055802060207007,0,True,,,,False,0.0,-0.9486356537864911,-0.9472895393452003,30,120,fixed,aperiodic_exponent_shift,meditation,33
0.9878791118490695,,1.6710980956059618,0.9951098883377356,0.015213616296553769,0,True,,,,False,0.0,-2.225401414324253,-2.2252907773917245,30,120,fixed,aperiodic_exponent_shift,thinking,34
0.977675418370916,,1.3658678568175064,0.9923468198462163,0.015606315804658209,0,True,,,,False,0.0,-1.6486913982618963,-1.6500122862656212,30,120,fixed,aperiodic_exponent_shift,meditation,34
1.0980497669579896,,1.374123958691543,0.9925738937273689,0.01602586509337491,0,True,,,,False,0.0,-1.5441923423603339,-1.5441588524741177,30,120,fixed,aperiodic_exponent_shift,thinking,35
1.1993913059377563,,1.2881229973908825,0.9923223781828632,0.015415492675873884,0,True,,,,False,0.0,-1.2774833633085398,-1.2760514639831924,30,120,fixed,aperiodic_exponent_shift,meditation,35
1.1446799342208596,,1.6101359176493961,0.9940391026242145,0.016527083396548438,0,True,,,,False,0.0,-1.9513791195709063,-1.9496093257886455,30,120,fixed,aperiodic_exponent_shift,thinking,36
0.9892243378354055,,1.3465118036668777,0.9927193867415809,0.015330691024426399,0,True,,,,False,0.0,-1.5999235813454662,-1.5996459169668629,30,120,fixed,aperiodic_exponent_shift,meditation,36
0.9289228961006024,,1.4964016288537745,0.9930016267865556,0.01693523619790059,0,True,,,,False,0.0,-1.948441530304479,-1.9498751792340885,30,120,fixed,aperiodic_exponent_shift,thinking,37
0.9269446326496596,,1.1624811458673434,0.9884118351148617,0.01711737179960019,0,True,,,,False,0.0,-1.308338884147532,-1.3094167391229277,30,120,fixed,aperiodic_exponent_shift,meditation,37
1.032378211019813,,1.5835565230511965,0.9936459812201447,0.016885902081634308,0,True,,,,False,0.0,-2.0125725019244327,-2.012199310901877,30,120,fixed,aperiodic_exponent_shift,thinking,38
0.9819144140819531,,1.3579745848289164,0.992445782720304,0.01586528685960972,0,True,,,,False,0.0,-1.6292747793847404,-1.629248862492611,30,120,fixed,aperiodic_exponent_shift,meditation,38
0.9817219266948718,,1.695463254439457,0.9956147985115603,0.01512931867752714,0,True,,,,False,0.0,-2.2784092844278576,-2.280832360770955,30,120,fixed,aperiodic_exponent_shift,thinking,39
0.8923044383839895,,1.3019201771113063,0.9915639201741788,0.016279688000722704,0,True,,,,False,0.0,-1.6111002167609947,-1.6097023159277564,30,120,fixed,aperiodic_exponent_shift,meditation,39
1.1526479875649664,,1.0664239644434337,0.9884507977100155,0.01558085961457129,0,True,,,,False,0.0,-0.8979314288085911,-0.8979456668673976,30,120,fixed,both,thinking,0
0.9821185303077384,,0.8940753159955419,0.982856832322156,0.01609780597716386,2,True,76.11270933422487,0.21584185108450504,12.544788777509321,True,0.09406338293795682,-0.737059302145585,-0.6405624828904597,30,120,fixed,both,meditation,0
1.0831653060379334,,1.3330573106671713,0.9922153985071216,0.015959125667533887,0,True,,,,False,0.0,-1.4801115643641922,-1.4810277215831174,30,120,fixed,both,thinking,1
1.0713554489812283,,1.0673373215202253,0.9895805962025827,0.01481244449320439,1,True,82.26326189176736,0.24342799264293546,14.673854430156839,True,0.08859583028372596,-0.9809802212687558,-0.8904541598191948,30,120,fixed,both,meditation,1
1.3446688120800563,,1.5251584429529894,0.9932262921663975,0.016874496699077098,0,True,,,,False,0.0,-1.5879908187075586,-1.5883528502396385,30,120,fixed,both,thinking,2
1.427528896064848,,1.2684938263422234,0.9902755214454818,0.016838038937419322,1,True,83.30996005138769,0.24288819471712353,15.354857444849847,True,0.0924676961149649,-1.011601709417968,-0.9176183255011722,30,120,fixed,both,meditation,2
1.0116296862759033,,1.8197901071999647,0.996026869060784,0.015095310515408543,0,True,,,,False,0.0,-2.487564124407084,-2.4858885136455497,30,120,fixed,both,thinking,3
0.879650978835292,,1.560383243811971,0.9934473921361204,0.01637272149409579,2,True,79.13592631885606,0.24934562891987988,15.064334844771956,True,0.09471322636743319,-2.120740861650914,-2.0244325337868316,30,120,fixed,both,meditation,3
0.5871410862382668,,1.0605056192459745,0.9885194097731045,0.015334936924836371,0,True,,,,False,0.0,-1.4520582062394094,-1.452991913847304,30,120,fixed,both,thinking,4
0.6359030307459167,,0.9144868459610618,0.9850106554288257,0.015319958914832465,1,True,80.81709508651271,0.25215309370694816,14.812267202412201,True,0.0925137586742142,-1.1225232287866236,-1.0284233832551442,30,120,fixed,both,meditation,4
0.9964826847149437,,1.6598985366817385,0.9947005700503831,0.016101191113926314,0,True,,,,False,0.0,-2.195262705557282,-2.1943455873558175,30,120,fixed,both,thinking,5
0.9197729028913776,,1.2436678686555633,0.989339459793862,0.017305028834271756,1,True,79.01424321568763,0.23875112438312573,15.209441787634702,True,0.08961097285200675,-1.4716209679330094,-1.3804483667633998,30,120,fixed,both,meditation,5
1.0839241670744277,,1.2655760435223764,0.9925835777805341,0.014704312103811408,0,True,,,,False,0.0,-1.3495959630333818,-1.3487900819443197,30,120,fixed,both,thinking,6
1.1085351631687577,,1.0156913160453056,0.9832842617111553,0.017904460702795538,1,True,80.04914837973348,0.23606566917877503,15.962429780325472,True,0.09300091725165874,-0.844492690213047,-0.7495276414770082,30,120,fixed,both,meditation,6
0.9380554201018074,,1.72518024699344,0.9954748771956857,0.015372249912284969,0,True,,,,False,0.0,-2.3792172800341844,-2.378399818606755,30,120,fixed,both,thinking,7
0.8767035316568965,,1.4641152859203932,0.9926160792249777,0.01585846084271383,2,True,79.4816666991065,0.2415016529216285,15.711511440638745,True,0.09528260847182576,-1.93857891566989,-1.8402618115990699,30,120,fixed,both,meditation,7
1.1479133563377366,,1.5781165352102975,0.9949689699910551,0.015100988034809195,0,True,,,,False,0.0,-1.8865770448882784,-1.8880224479505254,30,120,fixed,both,thinking,8
1.1714760687526586,,1.2775964336313472,0.9905775413048099,0.017022381749407314,2,True,77.34096089332397,0.23124092444815125,14.890858543893263,True,0.09298528092995388,-1.2851575371922208,-1.1909168749418493,30,120,fixed,both,meditation,8
1.2340146700521284,,1.5792744481004455,0.9947348994328981,0.01605997728700145,0,True,,,,False,0.0,-1.8027022305940588,-1.8022078450525614,30,120,fixed,both,thinking,9
1.2186101235678268,,1.3053066484698455,0.991947157431946,0.01595653012919573,3,True,78.5203102383787,0.24201516971865833,15.405558258624692,True,0.0948656398647542,-1.291306227388104,-1.1951743913957473,30,120,fixed,both,meditation,9
0.739129554129115,,1.6450927201454995,0.9947210407364129,0.01606037468911463,0,True,,,,False,0.0,-2.4241463871771365,-2.4248420215434887,30,120,fixed,both,thinking,10
0.7771565519029517,,1.4626758344241544,0.9923601548665333,0.016987584987735175,1,True,78.5435633931984,0.25171756709621573,15.196757114425484,True,0.09430202410006908,-2.035358037885491,-1.9409040569122906,30,120,fixed,both,meditation,10
0.8072288068505673,,1.5455094715931972,0.9944826031019677,0.014910710544718377,0,True,,,,False,0.0,-2.164562915697024,-2.1647706611009103,30,120,fixed,both,thinking,11
0.8112535716256537,,1.281032813204213,0.9910897609703625,0.015651535440586117,1,True,81.30373497531708,0.25422021065206213,14.934374702140383,True,0.09406917028909452,-1.6519876964253966,-1.555229413221603,30,120,fixed,both,meditation,11
1.1208995758190037,,1.6551700543540566,0.9949571025706212,0.015564178999069386,0,True,,,,False,0.0,-2.0617536251784894,-2.060480583518788,30,120,fixed,both,thinking,12
1.1111579172385717,,1.389903063577156,0.9922878147197318,0.01583886041137428,1,True,80.0430667044544,0.24936740933291301,15.505178352288356,True,0.09553133519069665,-1.561425134112243,-1.464118553944052,30,120,fixed,both,meditation,12
1.0549581719272823,,1.5047299083856627,0.9939616024441087,0.015389929706773777,0,True,,,,False,0.0,-1.838420334385323,-1.8403257967780513,30,120,fixed,both,thinking,13
1.1919548097928163,,1.347696207444988,0.9937385958658687,0.014407957403515848,5,True,75.59570580935348,0.2518965664053785,2.375304308800723,True,0.09201334170674107,-1.3994705469635846,-1.3077667729178555,30,120,fixed,both,meditation,13
0.970726590187218,,1.2700524959410948,0.9904697850180283,0.01611239053618102,0,True,,,,False,0.0,-1.4714011120441142,-1.472108812693608,30,120,fixed,both,thinking,14
1.0703853077190923,,0.9168813731370922,0.98202912264368,0.017109209560605274,1,True,82.74200507706615,0.2422237972124156,15.057037075081572,True,0.09044894900295161,-0.6926452820824861,-0.5984869487195936,30,120,fixed,both,meditation,14
0.8471997702936556,,1.2969161413047008,0.9938940484328664,0.01364189911839551,0,True,,,,False,0.0,-1.6465828459944123,-1.6457180991159608,30,120,fixed,both,thinking,15
0.828844032170194,,1.0368071983890506,0.9879090597336917,0.015257976181709872,1,True,78.24662094872588,0.24047025446275616,15.747317598003292,True,0.09314047607076481,-1.1647866162878142,-1.0703987472849446,30,120,fixed,both,meditation,15
0.9171088132852518,,1.6325742176504658,0.9949832805507499,0.015806539302596897,0,True,,,,False,0.0,-2.222095853934867,-2.220508782372905,30,120,fixed,both,thinking,16
0.8585616102763307,,1.33962795368881,0.991379975306388,0.016256612452424678,1,True,77.99908765601072,0.2524163423152761,14.745543676042404,True,0.09175860489926127,-1.7173496586218397,-1.6235895972472811,30,120,fixed,both,meditation,16
1.1345904551372155,,1.6542828511412886,0.9938342764155501,0.017869509578591486,0,True,,,,False,0.0,-2.0463567820908,-2.0454870393150184,30,120,fixed,both,thinking,17
0.9899140552594943,,1.465896990111058,0.9937466978883944,0.015395382422262424,2,True,82.46943335157428,0.2454408250322615,13.211932641727907,True,0.0945672483903889,-1.8287943521556425,-1.7318274896305774,30,120,fixed,both,meditation,17
1.1182428686190058,,1.4573481417519738,0.9936049615291426,0.015348361833879689,0,True,,,,False,0.0,-1.6840273368583254,-1.685079529545488,30,120,fixed,both,thinking,18
1.0653053029687207,,1.2441738966124098,0.9906956289227065,0.0162336332712095,2,True,83.14590700988511,0.22355916441516177,12.804407331775943,True,0.09172837193632614,-1.3270615866052593,-1.2335944967236891,30,120,fixed,both,meditation,18
1.123230388191538,,1.2155067998049212,0.9890471219878101,0.017671331476125457,0,True,,,,False,0.0,-1.2140138104071845,-1.2142821738507261,30,120,fixed,both,thinking,19
1.1190857218963648,,0.9165513682901305,0.9842882586004854,0.015854949707516122,1,True,79.95668993328171,0.2507026127209668,15.429869247586273,True,0.09557891003626841,-0.6433103161987204,-0.546405727138916,30,120,fixed,both,meditation,19
1.2158946900718524,,1.8502076876873215,0.9960103976513887,0.014965455624482338,0,True,,,,False,0.0,-2.341787739137082,-2.3410113502260135,30,120,fixed,both,thinking,20
1.2442332475935562,,1.5644116708869433,0.9943565794246427,0.015428250536573346,1,True,79.83330836465564,0.2483585159832622,15.151799063396748,True,0.09303793066680087,-1.7639046769227575,-1.6689472469065862,30,120,fixed,both,meditation,20
0.9747653505522083,,1.5930038791963141,0.9947485912284165,0.01532716250974511,0,True,,,,False,0.0,-2.0883512651626486,-2.088148338901598,30,120,fixed,both,thinking,21
0.9888905918210098,,1.4621832650744442,0.9930790072133389,0.015689721166718386,1,True,80.35070585160796,0.2507589399020993,15.242415609216762,True,0.09454768881269492,-1.8226768581775095,-1.725169693541546,30,120,fixed,both,meditation,21
1.2879498251902954,,1.6202721563945346,0.9941153730749582,0.016608264310728975,0,True,,,,False,0.0,-1.8275997532176131,-1.8265963444928692,30,120,fixed,both,thinking,22
1.2569918934525408,,1.353195843364301,0.992407409467596,0.015684797507352962,1,True,78.83995508228548,0.2510643436533999,14.841797660277377,True,0.09203243098684143,-1.3450084696706548,-1.251862467768383,30,120,fixed,both,meditation,22
0.8098927279041555,,1.2655195515391493,0.9913276609463343,0.016001780618828537,0,True,,,,False,0.0,-1.6235187762707628,-1.6215531478133598,30,120,fixed,both,thinking,23
0.9314145682299584,,0.9485301069328933,0.9869623022541507,0.014951019340081187,3,True,80.32326097774009,0.2355580063909709,14.905338548007244,True,0.09034888748512881,-0.892471970274748,-0.800446175575821,30,120,fixed,both,meditation,23
0.9624803693355014,,1.2544557255691005,0.9896074834719051,0.017265825464624403,0,True,,,,False,0.0,-1.4496569938251886,-1.4487472757654207,30,120,fixed,both,thinking,24
0.8992044839933696,,0.871965043157614,0.9832616405322374,0.016020747658330458,3,True,78.55872709787026,0.24482069503753412,14.91675636266116,True,0.09176586114310502,-0.7774584839374553,-0.684339197947096,30,120,fixed,both,meditation,24
1.0233624959355694,,1.8003389096764724,0.9961282277567031,0.01454884492076724,0,True,,,,False,0.0,-2.4384294683942125,-2.437649262797737,30,120,fixed,both,thinking,25
1.0158894621190488,,1.5303591392376201,0.99461776473669,0.014538433908070926,1,True,79.94238705398882,0.24392267233133524,14.750911515700745,True,0.08902277309400942,-1.9267703572498867,-1.836259378431998,30,120,fixed,both,meditation,25
0.9559197367063093,,1.0410856448850385,0.9872734522463996,0.015975542766187043,0,True,,,,False,0.0,-1.045937747054774,-1.046873568569503,30,120,fixed,both,thinking,26
0.8694647255029152,,0.898818419010429,0.9831003088777704,0.016208211933287465,1,True,78.82906292657137,0.2479048329799164,15.455390237705469,True,0.09446699339027304,-0.8588334096971145,-0.7620833589794107,30,120,fixed,both,meditation,26
1.0885628890849797,,1.4447018587744462,0.9928822800968916,0.01666858905637501,0,True,,,,False,0.0,-1.6893903388749836,-1.6898261141604858,30,120,fixed,both,thinking,27
0.9988761478566934,,1.045808530503184,0.9885172237444786,0.014882665364986506,2,True,79.35824572464153,0.24064146571083778,15.9075805103687,True,0.09480209590505777,-1.012062763514196,-0.9153360376730832,30,120,fixed,both,meditation,27
1.0724825192904506,,1.4260256865274692,0.9921383443597432,0.01714139770113848,0,True,,,,False,0.0,-1.669559124099782,-1.6706313754276858,30,120,fixed,both,thinking,28
1.1284304717141405,,1.1795796764147386,0.9901335719258184,0.015782715370130988,1,True,79.76654962950917,0.242867975850936,15.627071218109089,True,0.09374002320390427,-1.1397310522919586,-1.0445352817165872,30,120,fixed,both,meditation,28
0.8893023733003056,,1.5165443259689202,0.9939298257972589,0.01570975644567661,0,True,,,,False,0.0,-2.0267935534008346,-2.027415045964363,30,120,fixed,both,thinking,29
0.8690816726140405,,1.281735962879386,0.9899620697433644,0.017479816325914603,2,True,81.89388402037702,0.25307636174160986,14.746753766096386,True,0.09330538805882325,-1.5955116508095577,-1.4996208742571446,30,120,fixed,both,meditation,29
0.6878185625974902,,1.0171212984687417,0.9861929858245911,0.016321975846433696,0,True,,,,False,0.0,-1.2679589406618887,-1.2684939124744283,30,120,fixed,both,thinking,30
0.6210260115043862,,0.733340461868971,0.9814217185790304,0.015165562771731849,1,True,78.58310947221965,0.2518911736214856,15.581377625372864,True,0.09664905545585116,-0.7890818878311356,-0.6915858900815302,30,120,fixed,both,meditation,30
1.304849349345898,,1.4781782744225835,0.9936368773052789,0.015534237186601765,0,True,,,,False,0.0,-1.537474195815126,-1.5375296276074037,30,120,fixed,both,thinking,31
1.1784222714381816,,1.2378043279800588,0.9908177442907171,0.01604917151824361,1,True,79.31561280420868,0.2411189302061988,15.73709339395803,True,0.09358766175904407,-1.2016968566786617,-1.1062245476385677,30,120,fixed,both,meditation,31
1.4845234445764168,,1.7290489694946192,0.9954386536492581,0.01592721060526393,0,True,,,,False,0.0,-1.840188250736994,-1.8387799031378396,30,120,fixed,both,thinking,32
1.4905440474018408,,1.7428351168938818,0.9945153073926791,0.016718486243710914,2,True,81.94059535892755,0.2494059717188819,15.035946605643758,True,0.09388503395551126,-1.860676420248447,-1.764364886148171,30,120,fixed,both,meditation,32
0.9324619450447247,,1.5535242889906224,0.9941971297775415,0.015837611844134226,0,True,,,,False,0.0,-2.0547411149531936,-2.0546835302990263,30,120,fixed,both,thinking,33
0.9410990155021353,,1.3481197809310437,0.9931371028189043,0.015340278539758884,2,True,76.76159224154665,0.24474907225399245,14.86436160189302,True,0.09342585393252839,-1.6511408119533373,-1.5554733491874806,30,120,fixed,both,meditation,33
0.9572213810467987,,2.0366497699105186,0.996629785806153,0.01565041530402594,0,True,,,,False,0.0,-2.95896227178406,-2.958538432901891,30,120,fixed,both,thinking,34
1.0929388226623502,,1.8185087274422385,0.9958607347793795,0.01552417501416592,3,True,83.44657346592632,0.2447323401935355,11.251053441027564,True,0.09202898484392147,-2.403791079628329,-2.3098932355088215,30,120,fixed,both,meditation,34
0.6819668489443957,,1.4495343435747068,0.993439251781629,0.015724168824563144,0,True,,,,False,0.0,-2.105278550039241,-2.1050553512787116,30,120,fixed,both,thinking,35
0.807263261817725,,1.1149601043976558,0.9902461881882219,0.014746725051408505,1,True,78.42005342490192,0.24644435601157966,15.353805533827854,True,0.09320740577110251,-1.3366441487296108,-1.2430270382790733,30,120,fixed,both,meditation,35
0.9418870716986985,,1.5399727033832011,0.9918727687838244,0.01828202329734879,0,True,,,,False,0.0,-2.019258244444687,-2.0175597189750376,30,120,fixed,both,thinking,36
1.0671289492419613,,1.260598897934951,0.9899691806206189,0.016333484128121585,3,True,80.35572848629502,0.2524327665681243,13.069621141557754,True,0.09883553646167131,-1.3568208480206034,-1.2564780503762527,30,120,fixed,both,meditation,36
0.9838721727596227,,1.8049380774317156,0.9958369664138138,0.0156072207256818,0,True,,,,False,0.0,-2.4867633275800354,-2.486470100444898,30,120,fixed,both,thinking,37
0.955674880916993,,1.6174929808652763,0.9944000795848202,0.01580716967852513,1,True,79.43100047696714,0.24309379526947805,14.761123906804244,True,0.0887176186280962,-2.154530743936983,-2.0644303040093614,30,120,fixed,both,meditation,37
0.7387341568341819,,1.517807126834674,0.9936004963393781,0.015893821969940918,0,True,,,,False,0.0,-2.179789953730629,-2.1786864027102193,30,120,fixed,both,thinking,38
0.8441844652003508,,1.2163550350770502,0.9908321713669441,0.015735236813832664,3,True,78.33369213797367,0.23617444548329436,14.623071166287977,True,0.09360496333606637,-1.4946907674404262,-1.3999701565724751,30,120,fixed,both,meditation,38
1.064631992845009,,1.5523572675737063,0.9944037311949755,0.015510869825105631,0,True,,,,False,0.0,-1.9203270533499708,-1.9167330879455668,30,120,fixed,both,thinking,39
1.1231925500411548,,1.1976896908325931,0.9908486134332651,0.016431196383862347,1,True,78.4859349017026,0.24958417821769252,15.308357234262946,True,0.09414107675304963,-1.1797919187164365,-1.0838076769087635,30,120,fixed,both,meditation,39
0.7536339227619051,,1.5463758175390978,0.9952955785364083,0.014552085247602983,0,True,,,,False,0.0,-2.219823658040335,-2.2200474195837714,30,120,fixed,no_change,thinking,0
0.7961516647834184,,1.585997047881113,0.9934455727841869,0.01705859519014499,0,True,,,,False,0.0,-2.2534918252815928,-2.255512824172029,30,120,fixed,no_change,meditation,0
1.0223512698822808,,1.5657032216412514,0.9942516904934234,0.015801645310296774,0,True,,,,False,0.0,-1.988270120385263,-1.9865050695479887,30,120,fixed,no_change,thinking,1
0.9285950136990051,,1.5686330507279278,0.9939550489237916,0.016745832783397523,0,True,,,,False,0.0,-2.0876600151765823,-2.08695873046654,30,120,fixed,no_change,meditation,1
1.0821919984575517,,1.2344482918086528,0.9896569193394364,0.016707975217355724,0,True,,,,False,0.0,-1.2914739563219106,-1.289769257316438,30,120,fixed,no_change,thinking,2
0.9470819249754534,,1.1436126723809161,0.9902729170867024,0.01552081368731648,0,True,,,,False,0.0,-1.2519202397144165,-1.2520866034812832,30,120,fixed,no_change,meditation,2
1.0482356825765846,,1.7006262926092897,0.9958287938210867,0.014456386858490112,0,True,,,,False,0.0,-2.2218233060061494,-2.219890780691197,30,120,fixed,no_change,thinking,3
0.983389856406929,,1.7140263549886194,0.9952904237643513,0.015546515377225833,0,True,,,,False,0.0,-2.3124355187250005,-2.3121502158098837,30,120,fixed,no_change,meditation,3
0.8269406883826238,,1.3642878506066083,0.9925883944507062,0.015407960561891284,0,True,,,,False,0.0,-1.7963880042752634,-1.7960752456858138,30,120,fixed,no_change,thinking,4
0.8912593362526582,,1.3718719839991569,0.9914612273335734,0.017154442487030522,0,True,,,,False,0.0,-1.7466525506547208,-1.7464934611446612,30,120,fixed,no_change,meditation,4
0.8335983115938177,,1.54124591032708,0.9942227091966925,0.015805829158275286,0,True,,,,False,0.0,-2.129995197800049,-2.129525532847611,30,120,fixed,no_change,thinking,5
0.934936277707082,,1.4959896881930888,0.993483611749925,0.01626516375809087,0,True,,,,False,0.0,-1.941636046243691,-1.941351452846577,30,120,fixed,no_change,meditation,5
1.0224979432933872,,1.471213420294387,0.9930175780352879,0.01659779815498108,0,True,,,,False,0.0,-1.8064331922917902,-1.8073176109370135,30,120,fixed,no_change,thinking,6
0.9028761855160263,,1.3681266840232498,0.9924768049497479,0.015703512441638406,0,True,,,,False,0.0,-1.7278340299222126,-1.7290364597984997,30,120,fixed,no_change,meditation,6
1.1312239645408673,,1.377942274049389,0.9926649752294728,0.01625021070711818,0,True,,,,False,0.0,-1.5183602142911585,-1.5164115109094134,30,120,fixed,no_change,thinking,7
1.091408970569326,,1.4343029917185026,0.9933244541005747,0.015106783220316037,0,True,,,,False,0.0,-1.6665487364257163,-1.665384930157266,30,120,fixed,no_change,meditation,7
0.9408494887265908,,1.0984492651025863,0.9886581686426289,0.015680943854140664,0,True,,,,False,0.0,-1.1713099600959813,-1.1717162770672522,30,120,fixed,no_change,thinking,8
0.9590886954876876,,1.194524080290981,0.9893451496308373,0.016894325535598123,0,True,,,,False,0.0,-1.3378087609433635,-1.3366681091045516,30,120,fixed,no_change,meditation,8
1.1648325533329058,,1.6663040386808714,0.994427880762564,0.016422560067684416,0,True,,,,False,0.0,-2.0392296930761913,-2.038313630478468,30,120,fixed,no_change,thinking,9
1.1068203601848088,,1.7465623404146982,0.9962130058962859,0.01415094487218971,0,True,,,,False,0.0,-2.251567020519611,-2.2525400107723863,30,120,fixed,no_change,meditation,9
0.9758088537447838,,1.3301109761584649,0.9935341476059851,0.014712470631069438,0,True,,,,False,0.0,-1.5818026405041927,-1.5825608763353596,30,120,fixed,no_change,thinking,10
0.9059639815567873,,1.2701039382473458,0.9917278592995776,0.015381298691641678,0,True,,,,False,0.0,-1.5362626368071952,-1.535280769022583,30,120,fixed,no_change,meditation,10
0.8300763939088955,,1.7835215731479406,0.9957848172312233,0.015401475885981373,0,True,,,,False,0.0,-2.59937825873863,-2.600599280568668,30,120,fixed,no_change,thinking,11
0.9101150428812319,,1.8098558901219737,0.9959098991574812,0.015170407344888778,0,True,,,,False,0.0,-2.569976701703169,-2.5696734185159738,30,120,fixed,no_change,meditation,11
0.9048189310957027,,1.8600209115508106,0.9955316535003957,0.017155878562603203,0,True,,,,False,0.0,-2.67173291171764,-2.670341961318616,30,120,fixed,no_change,thinking,12
0.8244734874986666,,1.8867865377684678,0.9958108796210885,0.015998364243815965,0,True,,,,False,0.0,-2.803544792696287,-2.8026875065240575,30,120,fixed,no_change,meditation,12
0.7244038546549116,,1.4805783352371358,0.9935560958662483,0.01629766289027145,0,True,,,,False,0.0,-2.1225346611636158,-2.122835205020104,30,120,fixed,no_change,thinking,13
0.7949599285881097,,1.3290076917299298,0.9923910283983052,0.015739087836035195,0,True,,,,False,0.0,-1.7605301088903973,-1.760736441763247,30,120,fixed,no_change,meditation,13
0.9254193185288428,,1.303071102345226,0.99099977217802,0.015757186888112555,0,True,,,,False,0.0,-1.5801983997815892,-1.5801259396348777,30,120,fixed,no_change,thinking,14
1.0195197712082156,,1.3954052817656437,0.9934198483132342,0.015589726727999588,0,True,,,,False,0.0,-1.663643251840438,-1.665044023866677,30,120,fixed,no_change,meditation,14
0.9988429035442237,,1.3742835690552189,0.9941668232802635,0.014074947759903448,0,True,,,,False,0.0,-1.643706113474326,-1.6444734410072033,30,120,fixed,no_change,thinking,15
0.8861815578707954,,1.4593905631791324,0.9926564724776972,0.017007604827268367,0,True,,,,False,0.0,-1.9200159293235008,-1.9181952998613256,30,120,fixed,no_change,meditation,15
0.8456131887804754,,1.388192431581171,0.992426315842894,0.016281749730206897,0,True,,,,False,0.0,-1.823680564057821,-1.821767394402535,30,120,fixed,no_change,thinking,16
0.9323292272402719,,1.3647797021141717,0.9935206783619118,0.014020787760841435,0,True,,,,False,0.0,-1.6919452249006626,-1.690495667273353,30,120,fixed,no_change,meditation,16
1.137134725609555,,1.666861847983194,0.9944796712184831,0.016541510571749584,0,True,,,,False,0.0,-2.068000107605299,-2.0671254391803675,30,120,fixed,no_change,thinking,17
1.0769241244354921,,1.5815464266729933,0.9937613817700429,0.015762384239484537,0,True,,,,False,0.0,-1.9641614631969628,-1.9621553532141718,30,120,fixed,no_change,meditation,17
1.1445728809116285,,1.4098261338885618,0.9933990865215033,0.015581570869087819,0,True,,,,False,0.0,-1.5663193600801497,-1.5654772834009099,30,120,fixed,no_change,thinking,18
1.1354675195061477,,1.3506433834547555,0.9931312860024191,0.01563032758285202,0,True,,,,False,0.0,-1.461624831488528,-1.4602811077499307,30,120,fixed,no_change,meditation,18
0.772467423061834,,1.5867687277073395,0.9947628596442151,0.015280578206733916,0,True,,,,False,0.0,-2.2786598959684383,-2.278369130888998,30,120,fixed,no_change,thinking,19
0.6228661846907506,,1.5524843640506036,0.9941494060205799,0.016065680623512088,0,True,,,,False,0.0,-2.3623372496913944,-2.3618020851985295,30,120,fixed,no_change,meditation,19
1.0043133250760607,,1.6495536562692428,0.9949402682100118,0.015385506966067072,0,True,,,,False,0.0,-2.1675403527572192,-2.169054826024312,30,120,fixed,no_change,thinking,20
1.0619891953548766,,1.539545523066163,0.9939032503305525,0.01619686557003462,0,True,,,,False,0.0,-1.8983347146738638,-1.8977996878128027,30,120,fixed,no_change,meditation,20
0.9582334611791157,,1.4779642015302024,0.9942944386065139,0.015166118128242895,0,True,,,,False,0.0,-1.8836784526970187,-1.8836929064276102,30,120,fixed,no_change,thinking,21
0.9965622329375114,,1.5062060818927916,0.9949483284624752,0.013662756267988024,0,True,,,,False,0.0,-1.8996547420420038,-1.8996342935574937,30,120,fixed,no_change,meditation,21
1.0474097163570235,,1.369486332113507,0.9924081659377774,0.01579265853703402,0,True,,,,False,0.0,-1.5859149061841615,-1.5856318728600034,30,120,fixed,no_change,thinking,22
1.0647615422001397,,1.4467923238152545,0.9920973097796741,0.01757372314432762,0,True,,,,False,0.0,-1.717211348413942,-1.7158346330342653,30,120,fixed,no_change,meditation,22
0.8954643560083166,,1.3233585232752083,0.9909548776500787,0.017032025724241964,0,True,,,,False,0.0,-1.6491631456128641,-1.6493587300269943,30,120,fixed,no_change,thinking,23
0.9685327718629583,,1.296113212605959,0.9909763385123725,0.016053269247798787,0,True,,,,False,0.0,-1.5237059283866934,-1.5217797392161194,30,120,fixed,no_change,meditation,23
1.0117777191654742,,1.521075901005275,0.9947800754704351,0.014317917555089727,0,True,,,,False,0.0,-1.9130317724996257,-1.9136909645184959,30,120,fixed,no_change,thinking,24
0.9950474104756124,,1.6276334849277871,0.9957401746563352,0.014002355307072646,0,True,,,,False,0.0,-2.1346569405843994,-2.1355144139433695,30,120,fixed,no_change,meditation,24
0.9579982522779231,,1.500279746449576,0.9953880478616406,0.013525720154628525,0,True,,,,False,0.0,-1.926823234715981,-1.9260739673765341,30,120,fixed,no_change,thinking,25
0.9485469711880015,,1.611666311978208,0.9941670101403821,0.01650077275220984,0,True,,,,False,0.0,-2.1504548100876075,-2.151325652832899,30,120,fixed,no_change,meditation,25
0.823819421533545,,1.337665677481808,0.9923615162189878,0.015539924373145445,0,True,,,,False,0.0,-1.7483186733423999,-1.7482448708077372,30,120,fixed,no_change,thinking,26
0.8144689330718731,,1.24406325058979,0.9918933228539624,0.015303547768621457,0,True,,,,False,0.0,-1.5776852001649913,-1.5793887833030045,30,120,fixed,no_change,meditation,26
0.7955026883640246,,1.2907294420102142,0.9915216221626529,0.015794059731683,0,True,,,,False,0.0,-1.686383797818614,-1.686395546616101,30,120,fixed,no_change,thinking,27
0.7959415448086629,,1.4706239544358644,0.9933192963910217,0.016380033938188977,0,True,,,,False,0.0,-2.0318561329807006,-2.029970268978455,30,120,fixed,no_change,meditation,27
0.911746022928244,,1.2766721433014607,0.9906855005921741,0.016493397916127975,0,True,,,,False,0.0,-1.5431103060719944,-1.5434844778134924,30,120,fixed,no_change,thinking,28
0.8693788069367709,,1.3693541709979904,0.9937810255394297,0.014415182511283677,0,True,,,,False,0.0,-1.763691688847928,-1.764072361098489,30,120,fixed,no_change,meditation,28
1.3095970239022074,,1.3081328969761195,0.9929865632376423,0.014372382449177396,0,True,,,,False,0.0,-1.2057537951506088,-1.2051233857915342,30,120,fixed,no_change,thinking,29
1.3355082601526105,,1.2458221228852069,0.991411063058589,0.015338190704533313,0,True,,,,False,0.0,-1.0600279307323053,-1.0610684897789198,30,120,fixed,no_change,meditation,29
1.0632620012771616,,1.4293123684730964,0.9925986434683908,0.016329570820751458,0,True,,,,False,0.0,-1.6850994572809406,-1.6835704743557915,30,120,fixed,no_change,thinking,30
1.008043960066205,,1.3952632950043138,0.991046005338425,0.018015466295188014,0,True,,,,False,0.0,-1.6748460429267407,-1.675597873962911,30,120,fixed,no_change,meditation,30
1.079100231078501,,1.7763080943854936,0.9953893714136867,0.01645776446173773,0,True,,,,False,0.0,-2.336483942693917,-2.3374174124835814,30,120,fixed,no_change,thinking,31
1.0612511242386118,,1.7746096462307472,0.9962970148674772,0.014031290832155522,0,True,,,,False,0.0,-2.351067178790065,-2.3500446920674274,30,120,fixed,no_change,meditation,31
1.124881364580511,,1.6193558327254,0.9949434242552277,0.015456498741949445,0,True,,,,False,0.0,-1.9889062556219257,-1.9894646675388519,30,120,fixed,no_change,thinking,32
1.1132185706338282,,1.6892579565590502,0.9955100304100141,0.014856080550856892,0,True,,,,False,0.0,-2.1349807479862144,-2.1342465728779287,30,120,fixed,no_change,meditation,32
1.0729928882066362,,1.0469822935779325,0.985340616682643,0.01663765346261211,0,True,,,,False,0.0,-0.9402030002024945,-0.941169997596042,30,120,fixed,no_change,thinking,33
1.1309544081468579,,1.0945098701096316,0.9878105890069012,0.016271877356467155,0,True,,,,False,0.0,-0.9736301524934757,-0.975658047606556,30,120,fixed,no_change,meditation,33
0.7227348970072716,,2.088392740253981,0.9964529452163926,0.01649508306581211,0,True,,,,False,0.0,-3.292943022143555,-3.2939158671626156,30,120,fixed,no_change,thinking,34
0.7873206008916926,,2.0928008504803364,0.99680629916043,0.015712587135319984,0,True,,,,False,0.0,-3.236833478207384,-3.2383915245950474,30,120,fixed,no_change,meditation,34
1.169742437748932,,1.7540415326335297,0.9952131824708937,0.016453509758929785,0,True,,,,False,0.0,-2.2030263504691883,-2.2033078076363477,30,120,fixed,no_change,thinking,35
1.2158097883458399,,1.8622395504180262,0.9959030542693637,0.01631405515861809,0,True,,,,False,0.0,-2.36500817689645,-2.3651951453757047,30,120,fixed,no_change,meditation,35
0.9005500403128484,,1.5627424342884157,0.9944741477613444,0.015540525023132024,0,True,,,,False,0.0,-2.1043781830675914,-2.1046266248157646,30,120,fixed,no_change,thinking,36
0.8184022794318477,,1.5609552831556475,0.9949020211925916,0.014260649726436155,0,True,,,,False,0.0,-2.1830895101764796,-2.1837573011444236,30,120,fixed,no_change,meditation,36
1.2205335938337107,,1.0684049228320665,0.9877527492740882,0.015840599512966968,0,True,,,,False,0.0,-0.8338549197018211,-0.8344383726401131,30,120,fixed,no_change,thinking,37
1.2773686471941539,,1.0534644021776531,0.9862774311027249,0.016153274078364338,0,True,,,,False,0.0,-0.7482914007917191,-0.747107800770395,30,120,fixed,no_change,meditation,37
1.3019827608628303,,1.294268141777013,0.99196403230685,0.015974577998068958,0,True,,,,False,0.0,-1.186708134395809,-1.1854398512292095,30,120,fixed,no_change,thinking,38
1.393275067417219,,1.1316951175300112,0.9904369108124026,0.014892989778612772,0,True,,,,False,0.0,-0.782811358799423,-0.7841884363469372,30,120,fixed,no_change,meditation,38
1.1936733874415708,,1.5931963691456996,0.9954041471283415,0.014614105252673261,0,True,,,,False,0.0,-1.8698133586728538,-1.8683571889268087,30,120,fixed,no_change,thinking,39
1.185141196929897,,1.4899759629348368,0.9942404975948365,0.015344370514116365,0,True,,,,False,0.0,-1.6798676010298472,-1.6819104796809308,30,120,fixed,no_change,meditation,39
