dv,term,estimate,se,ci_low,ci_high,z,p,n_obs,n_subjects,model
exponent,Intercept,1.2667818252979854,0.07023414001697956,1.129125440379562,1.4044382102164088,18.036553519296067,1.0062724051873527e-72,340,94,unadjusted
exponent,condition[T.meditation],0.09617151873838412,0.03596150408478764,0.025688265902310298,0.16665477157445793,2.674290778039687,0.007488748790163547,340,94,unadjusted
exponent,first_session[T.meditation],0.05185991968258003,0.06691785196792839,-0.0792966600973424,0.18301649946250245,0.7749788458158348,0.4383521597544937,340,94,unadjusted
exponent,meditator,-0.11773334425324218,0.07442903110532338,-0.2636115646238874,0.02814487611740306,-1.581820191729213,0.11369062414789517,340,94,unadjusted
exponent,meditator:condition[T.meditation],-0.10900927412259442,0.04401455603120591,-0.19527621873927822,-0.022742329505910625,-2.4766641754902143,0.013261661732724559,340,94,unadjusted
exponent,Group Var,2.697489722712556,0.5178981567872645,1.6824279877498396,3.7125514576752723,5.208533159195228,1.9033933940680537e-07,340,94,unadjusted
exponent,Intercept,-1.237410574716453,0.4380203243356974,-2.095914634910973,-0.3789065145219328,-2.8250072107798028,0.004727955202047757,340,94,emg_adjusted
exponent,condition[T.meditation],0.06903596375018664,0.033757156536249146,0.002873152718657429,0.13519877478171585,2.0450763877595666,0.040847327762713784,340,94,emg_adjusted
exponent,first_session[T.meditation],0.054472488085765026,0.06179093062271564,-0.06663551050597075,0.1755804866775008,0.8815612183989312,0.37801413497798586,340,94,emg_adjusted
exponent,meditator,-0.14348138252414272,0.068938734001582,-0.27859881830703026,-0.008363946741255152,-2.0812883294440847,0.03740752274072745,340,94,emg_adjusted
exponent,meditator:condition[T.meditation],-0.10321119911399108,0.04107611267008594,-0.18371890057226892,-0.022703497655713237,-2.512681760880347,0.011981736526780383,340,94,emg_adjusted
exponent,emg_proxy_logpower,-0.19679942952439852,0.033071312167152374,-0.26161801029349846,-0.13198084875529859,-5.950759635109575,2.669008114871683e-09,340,94,emg_adjusted
exponent,ica_muscle_variance_ratio,-0.043791200844795576,0.1305339704900409,-0.29963308176429,0.21205068007469882,-0.3354774292117057,0.7372649681143196,340,94,emg_adjusted
exponent,Group Var,2.6355181793244524,0.5097876200158007,1.6363528043290927,3.634683554319812,5.169835586126562,2.3430003696709772e-07,340,94,emg_adjusted
naive_gamma_power,Intercept,-13.801114504286883,0.04773491041770969,-13.89467320951084,-13.707555799062925,-289.1199414331918,0.0,340,94,unadjusted
naive_gamma_power,condition[T.meditation],-0.03142790961073087,0.024119255788885928,-0.0787007822908565,0.015844963069394757,-1.3030215312535782,0.19256741086450602,340,94,unadjusted
naive_gamma_power,first_session[T.meditation],-0.05646560636297459,0.04552795339823389,-0.14569875531333099,0.0327675425873818,-1.240240383069031,0.21488649581752128,340,94,unadjusted
naive_gamma_power,meditator,0.09039205609104124,0.050575596207582084,-0.008734290972460187,0.18951840315454266,1.7872662483312463,0.07389446639412996,340,94,unadjusted
naive_gamma_power,meditator:condition[T.meditation],0.04269401168933266,0.029515744723627477,-0.01515578494585533,0.10054380832452064,1.4464826176368142,0.14804188397382056,340,94,unadjusted
naive_gamma_power,Group Var,2.786526711201604,0.5279929842717695,1.7516794779391125,3.8213739444640957,5.2775828357736625,1.308990379505265e-07,340,94,unadjusted
naive_gamma_power,Intercept,-12.175354624044108,0.3012561275565952,-12.765805784177038,-11.584903463911177,-40.41529286987464,0.0,340,94,emg_adjusted
naive_gamma_power,condition[T.meditation],-0.017663698499619265,0.023127999999284825,-0.06299374553265992,0.027666348533421387,-0.7637365314841521,0.44502426604915635,340,94,emg_adjusted
naive_gamma_power,first_session[T.meditation],-0.058376341195318655,0.0436366300237356,-0.14390256444853963,0.02714988205790233,-1.3377829856147363,0.18096718982693394,340,94,emg_adjusted
naive_gamma_power,meditator,0.10709039992908062,0.04854710702753678,0.011939818601497176,0.20224098125666407,2.205906932174909,0.027390516758175,340,94,emg_adjusted
naive_gamma_power,meditator:condition[T.meditation],0.038997318018391305,0.028140593834073406,-0.016157232399962487,0.0941518684367451,1.3858029524299618,0.16580708061950078,340,94,emg_adjusted
naive_gamma_power,emg_proxy_logpower,0.12565713889114236,0.022729988615082193,0.0811071798365758,0.17020709794570893,5.528253490094762,3.2343448724971606e-08,340,94,emg_adjusted
naive_gamma_power,ica_muscle_variance_ratio,-0.14328366259978773,0.09058889038575696,-0.32083462515531813,0.03426729995574268,-1.581691330908672,0.11372005271625758,340,94,emg_adjusted
naive_gamma_power,Group Var,2.820795123479858,0.5383654941849033,1.7656181443583394,3.8759721026013763,5.2395540835145855,1.6096506856475805e-07,340,94,emg_adjusted
