dv,term,estimate,se,ci_low,ci_high,z,p,n_obs,n_subjects
exponent,Intercept,1.2667818252979854,0.07023414001697956,1.129125440379562,1.4044382102164088,18.036553519296067,1.0062724051873527e-72,340,94
exponent,condition[T.meditation],0.09617151873838412,0.03596150408478764,0.025688265902310298,0.16665477157445793,2.674290778039687,0.007488748790163547,340,94
exponent,first_session[T.meditation],0.05185991968258003,0.06691785196792839,-0.0792966600973424,0.18301649946250245,0.7749788458158348,0.4383521597544937,340,94
exponent,meditator,-0.11773334425324218,0.07442903110532338,-0.2636115646238874,0.02814487611740306,-1.581820191729213,0.11369062414789517,340,94
exponent,meditator:condition[T.meditation],-0.10900927412259442,0.04401455603120591,-0.19527621873927822,-0.022742329505910625,-2.4766641754902143,0.013261661732724559,340,94
exponent,Group Var,2.697489722712556,0.5178981567872645,1.6824279877498396,3.7125514576752723,5.208533159195228,1.9033933940680537e-07,340,94
offset,Intercept,-11.36995740319436,0.11826931707738857,-11.60176100514219,-11.138153801246531,-96.13615504141723,0.0,340,94
offset,condition[T.meditation],0.1529846356318986,0.054742080899631014,0.045692128629843815,0.2602771426339534,2.7946441406272844,0.005195687290319949,340,94
offset,first_session[T.meditation],0.049415362419564325,0.11346793990682899,-0.17297771319777563,0.2718084380369043,0.435500657367538,0.6631990619490029,340,94
offset,meditator,-0.1397322377538861,0.12513325014991764,-0.384988901316166,0.10552442580839377,-1.1166675331015374,0.2641365046561903,340,94
offset,meditator:condition[T.meditation],-0.16655359091315503,0.0670057534446538,-0.2978824544216472,-0.0352247274046629,-2.485661041789895,0.012931106521597862,340,94
offset,Group Var,3.4241865366426185,0.643855533711736,2.1622528793208016,4.6861201939644355,5.318252864742294,1.0476839982090911e-07,340,94
aperiodic_gamma_power,Intercept,-13.804899599243639,0.0463060520780656,-13.895657793582883,-13.714141404904394,-298.1230094064268,0.0,340,94
aperiodic_gamma_power,condition[T.meditation],-0.031273424539267444,0.02357123957115427,-0.07747220516969516,0.014925356091160275,-1.3267619823243773,0.1845874302027003,340,94
aperiodic_gamma_power,first_session[T.meditation],-0.051810406271707514,0.044140290034259816,-0.13832378500600903,0.034702972462593996,-1.1737667838497319,0.24048845195924928,340,94
aperiodic_gamma_power,meditator,0.08574343609513944,0.049067940800371974,-0.010427960669133096,0.18191483285941198,1.7474431308209584,0.08056050143241678,340,94
aperiodic_gamma_power,meditator:condition[T.meditation],0.04251667803893569,0.02884511939761133,-0.014018717110140216,0.0990520731880116,1.4739643630130546,0.14049118653896608,340,94
aperiodic_gamma_power,Group Var,2.7374266183894522,0.518988501729614,1.7202278466090053,3.754625390169899,5.274541939304109,1.330880815809355e-07,340,94
naive_gamma_power,Intercept,-13.801114504286883,0.04773491041770969,-13.89467320951084,-13.707555799062925,-289.1199414331918,0.0,340,94
naive_gamma_power,condition[T.meditation],-0.03142790961073087,0.024119255788885928,-0.0787007822908565,0.015844963069394757,-1.3030215312535782,0.19256741086450602,340,94
naive_gamma_power,first_session[T.meditation],-0.05646560636297459,0.04552795339823389,-0.14569875531333099,0.0327675425873818,-1.240240383069031,0.21488649581752128,340,94
naive_gamma_power,meditator,0.09039205609104124,0.050575596207582084,-0.008734290972460187,0.18951840315454266,1.7872662483312463,0.07389446639412996,340,94
naive_gamma_power,meditator:condition[T.meditation],0.04269401168933266,0.029515744723627477,-0.01515578494585533,0.10054380832452064,1.4464826176368142,0.14804188397382056,340,94
naive_gamma_power,Group Var,2.786526711201604,0.5279929842717695,1.7516794779391125,3.8213739444640957,5.2775828357736625,1.308990379505265e-07,340,94
irasa_exponent,Intercept,1.3890592310417118,0.07080008803862786,1.2502936083837362,1.5278248536996875,19.6194562679619,1.0547527981613629e-85,340,94
irasa_exponent,condition[T.meditation],0.07766175315322962,0.03208883134620951,0.014768799408679048,0.1405547068977802,2.4202113288367983,0.015511489590307143,340,94
irasa_exponent,first_session[T.meditation],0.048092545635299924,0.0680142868333947,-0.08521300699233046,0.1813980982629303,0.7070947572104324,0.47950759383475816,340,94
irasa_exponent,meditator,-0.10096891803901502,0.07488805679276464,-0.24774681222502387,0.04580897614699382,-1.3482646280757842,0.1775732845970046,340,94
irasa_exponent,meditator:condition[T.meditation],-0.09211428105647924,0.039274556971149406,-0.1690909982286986,-0.015137563884259894,-2.3453932561007687,0.019007020234238694,340,94
irasa_exponent,Group Var,3.595584947228584,0.6805425313745236,2.261746095786798,4.929423798670371,5.28340960551931,1.2680144449349174e-07,340,94
irasa_periodic_gamma_power,Intercept,0.011734061600814364,0.0038616663484254913,0.004165334637590098,0.01930278856403863,3.03860057863328,0.002376797503332655,340,94
irasa_periodic_gamma_power,condition[T.meditation],0.004545839558671977,0.0022083667045242525,0.00021752035314703475,0.00887415876419692,2.0584622786419366,0.039545778695211004,340,94
irasa_periodic_gamma_power,first_session[T.meditation],-0.007980582254286718,0.0036434167290363773,-0.015121547823868747,-0.0008396166847046901,-2.1904115965338526,0.028494399752609395,340,94
irasa_periodic_gamma_power,meditator,0.013082362547378573,0.004100973355141263,0.005044602469743309,0.021120122625013837,3.190062800817182,0.001422418801124916,340,94
irasa_periodic_gamma_power,meditator:condition[T.meditation],-0.003914106429444234,0.00270217087335382,-0.009210264021290864,0.0013820511624023967,-1.4485044110427447,0.1474760332423543,340,94
irasa_periodic_gamma_power,Group Var,2.055269282544195,0.4017922838685909,1.2677708768956633,2.842767688192727,5.115253241688399,3.1332030516709604e-07,340,94
