dv,contrast,bound,cohens_d,p_tost,n_meditators,n_controls,n_subjects
exponent,trait,0.17415081091264137,-0.5002820543650025,0.4621590506400732,63.0,31.0,
offset,trait,0.2929308563619663,-0.38058191297062405,0.2654988684771772,63.0,31.0,
periodic_gamma_power,trait,0.005226251162186949,0.07683569811998021,0.04130129581550781,63.0,31.0,
aperiodic_gamma_power,trait,0.10705815640939208,0.48875991940972374,0.49490206452066243,63.0,31.0,
naive_gamma_power,trait,0.11009052458827215,0.49323509636560803,0.5078024928877409,63.0,31.0,
irasa_exponent,trait,0.17339765978281396,-0.41451437406349767,0.3359954251169252,63.0,31.0,
irasa_periodic_gamma_power,trait,0.009124443520522588,0.5787675532349328,0.648370042550128,63.0,31.0,
exponent,state,0.12231918759493299,0.0867487341611101,0.00013189948544599733,,,85.0
offset,state,0.182074298395541,0.11426753255766742,0.00031051450187728513,,,85.0
periodic_gamma_power,state,0.005932684544997858,0.01895541765059071,1.384844445252298e-05,,,85.0
aperiodic_gamma_power,state,0.08065883827300507,0.0049801375811043295,8.501445814196917e-06,,,85.0
naive_gamma_power,state,0.0832491594223636,0.005512707152949164,8.662176290545776e-06,,,85.0
irasa_exponent,state,0.11383160678996156,0.05926462369763435,5.416278461890158e-05,,,85.0
irasa_periodic_gamma_power,state,0.007664943413248023,0.17430036245084102,0.0017615973616847797,,,85.0
